review_id,review_text,review_title,review_rating,review_datetime_utc,application_name,application_id,platform,store_country,store_language,app_version,review_likes,developer_response_present,collection_timestamp_utc,source_url
667cedae33c9f2b75e3f380e096dd9e7,This is without doubt the best bank i have used so simple to navigate through and always keeps you in touch with your finances keep up the great work I would recommend to anyone without doubt,1st class bank,5,2026-07-28T20:32:25Z,Monzo,1052238659,ios,gb,en,7.36.0,,False,2026-08-26T07:01:38.480290Z,https://apps.apple.com/gb/app/id1052238659
da898891e89ca6a0174741e54d943de8,Gud reliable easy banking...,👍,5,2026-07-28T16:17:57Z,Monzo,1052238659,ios,gb,en,7.36.0,,False,2026-08-26T07:01:38.480290Z,https://apps.apple.com/gb/app/id1052238659
3da0928e4abf4c7ead3bd17aa1140ffd,Get paid through monzo is too easy and quick love to use monzo 💕,Payment,5,2026-07-28T15:57:32Z,Monzo,1052238659,ios,gb,en,7.36.0,,False,2026-08-26T07:01:38.480290Z,https://apps.apple.com/gb/app/id1052238659
982933c495bbf1e163cc92f337b397cd,"I’m greatful to Monzo,",Lovely service,5,2026-07-28T15:31:18Z,Monzo,1052238659,ios,gb,en,7.36.0,,False,2026-08-26T07:01:38.480290Z,https://apps.apple.com/gb/app/id1052238659
4a01a4399bfe5ee4fc7b8a5732b8e9a5,I reported a fraud and they close my account 🤡,Scam,1,2026-07-28T11:22:48Z,Monzo,1052238659,ios,gb,en,7.36.0,,False,2026-08-26T07:01:38.480290Z,https://apps.apple.com/gb/app/id1052238659
8dde5f4bb296245f27e21c33b29dd6b1,LOVE LOVE LOVE Monzo. They have changed the way other banks do their thing and have upped everyone’s game! Thank you,Been with Monzo since the start..,5,2026-07-28T07:59:25Z,Monzo,1052238659,ios,gb,en,7.36.0,,False,2026-08-26T07:01:38.480290Z,https://apps.apple.com/gb/app/id1052238659
c005785f234f0a070001355bb66d0368,Love Monzo - being an early adopter I just love the flexibility and the focus for you the customer. I really like that you can pull in your salary before it’s due giving more flexibility.,The best bank!,5,2026-07-27T19:44:43Z,Monzo,1052238659,ios,gb,en,7.36.0,,False,2026-08-26T07:01:38.480290Z,https://apps.apple.com/gb/app/id1052238659
689f89626bb264c7449705be9e32a9ce,"The best banking app, I highly recommend it!",Amazing Monzo,5,2026-07-27T18:01:14Z,Monzo,1052238659,ios,gb,en,7.36.0,,False,2026-08-26T07:01:38.480290Z,https://apps.apple.com/gb/app/id1052238659
832731d4e1225a3b67b68e3c0b8f6e9d,I have never had an issue with Monzo. Quick & efficient. Resolved disputes with vendors quickly & at first touch.,Service And Availability,5,2026-07-27T17:31:59Z,Monzo,1052238659,ios,gb,en,7.36.0,,False,2026-08-26T07:01:38.480290Z,https://apps.apple.com/gb/app/id1052238659
c7addea4287b6b46485d8d65d4f1cac5,Brilliant app and banking!,Corey,5,2026-07-27T16:41:26Z,Monzo,1052238659,ios,gb,en,7.36.0,,False,2026-08-26T07:01:38.480290Z,https://apps.apple.com/gb/app/id1052238659
3eb848d97cf6e8cd68c4a0f63231888a,love it,love it,5,2026-07-27T16:34:24Z,Monzo,1052238659,ios,gb,en,7.36.0,,False,2026-08-26T07:01:38.480290Z,https://apps.apple.com/gb/app/id1052238659
783089417a4e19a3e40e9e2a8a53de4a,Brilliant bank!,James,5,2026-07-27T16:13:09Z,Monzo,1052238659,ios,gb,en,7.36.0,,False,2026-08-26T07:01:38.480290Z,https://apps.apple.com/gb/app/id1052238659
802ac584b312013bb5c384d1d6307f35,Just couldn’t believe it. I got paid a day early from the actual payday from this awesome Monzo service. Just Wow!! This is the edge of Monzo compared to others.,Get paid now feature,5,2026-07-27T15:54:46Z,Monzo,1052238659,ios,gb,en,7.36.0,,False,2026-08-26T07:01:38.480290Z,https://apps.apple.com/gb/app/id1052238659
d203ce7d8587a0d762c675e5f1c4482e,Very refreshing bank,Excellent service,5,2026-07-27T15:51:49Z,Monzo,1052238659,ios,gb,en,7.36.0,,False,2026-08-26T07:01:38.480290Z,https://apps.apple.com/gb/app/id1052238659
f50765c2db94522dce0730491efc43a0,Wouldn’t be with another bank they’re absolutely brilliant,Best bank!!,5,2026-07-27T15:51:18Z,Monzo,1052238659,ios,gb,en,7.36.0,,False,2026-08-26T07:01:38.480290Z,https://apps.apple.com/gb/app/id1052238659
5bb94dc56d8be8637568db1441d85e70,"Great UI, like service",Galina,5,2026-07-27T15:33:36Z,Monzo,1052238659,ios,gb,en,7.36.0,,False,2026-08-26T07:01:38.480290Z,https://apps.apple.com/gb/app/id1052238659
e74ecfe33006cd2d80f008192a3a6da3,Always prompt to resolve issues!,Always prompt,5,2026-07-27T15:29:37Z,Monzo,1052238659,ios,gb,en,7.36.0,,False,2026-08-26T07:01:38.480290Z,https://apps.apple.com/gb/app/id1052238659
c369d7b2bef7d1a52d6e6455c739a2e6,Great bank caters for all my needs,Best bank,5,2026-07-26T20:04:08Z,Monzo,1052238659,ios,gb,en,7.36.0,,False,2026-08-26T07:01:38.480290Z,https://apps.apple.com/gb/app/id1052238659
7287507b035b996e449d7b19151d8952,The app requires ios17 to even download it. This requires an iPhone 16 or newer. I have an iPhone X so am excluded. Doesn’t seem right at all. Sort it out Monzo.,Excluded,1,2026-07-26T15:57:58Z,Monzo,1052238659,ios,gb,en,7.36.0,,False,2026-08-26T07:01:38.480290Z,https://apps.apple.com/gb/app/id1052238659
c3dbfc652a1167fe6498b9907a1eb7cf,Banking online has really changed the way we operate — Monzo offers an innovative way to bank with features that make my life easier.,Revolutionary Banking,5,2026-07-26T08:59:51Z,Monzo,1052238659,ios,gb,en,7.36.0,,False,2026-08-26T07:01:38.480290Z,https://apps.apple.com/gb/app/id1052238659
975ad348525edd20d1362e86efd5fb00,The best bank ever. Only wish they did more than just three months BNPL interest free,Best bank ever,5,2026-07-25T17:17:29Z,Monzo,1052238659,ios,gb,en,7.36.0,,False,2026-08-26T07:01:38.480290Z,https://apps.apple.com/gb/app/id1052238659
09812fbeb6c30d11bfa08024d67aa3c1,"Went out to the shops, added mileage onto my vehicle and inconvenienced myself so I could grab quick groceries and all of a sudden had to turn round once I arrived because nothing on the app would load, couldn’t get any of my money out of my savings pot, no matter where I went the problem wasn’t to do with signal or network issues, the app just simply wouldn’t work, this isn’t the first time something like this has happened either, the amount of bugs and issues in this app is ridiculous for simply trying to access my own money, I’ll be switching banking apps immediately and this is a final straw considering I’ve been with Monzo for coming on 3 years now. Sort your app out.",Absolute trash,1,2026-07-25T16:56:22Z,Monzo,1052238659,ios,gb,en,7.36.0,,False,2026-08-26T07:01:38.480290Z,https://apps.apple.com/gb/app/id1052238659
ac5ef77b6c115b539a6bfc55d4f25766,Brooo I have been tryna log in for so long and she. I try to chat it never responds it thinks I’m ai,Eli,1,2026-07-25T15:15:13Z,Monzo,1052238659,ios,gb,en,7.36.0,,False,2026-08-26T07:01:38.480290Z,https://apps.apple.com/gb/app/id1052238659
518e08f2939bd7ce753b151bd3907127,I love it it’s the best my under 16s card is the best and it doesn’t even break I give this 500 stars,Why it’s good,5,2026-07-24T21:46:03Z,Monzo,1052238659,ios,gb,en,7.36.0,,False,2026-08-26T07:01:38.480290Z,https://apps.apple.com/gb/app/id1052238659
c7df53be61e6bf10b2ba6b52315a666d,Ching noise when someone takes money has saved me loads on unwanted subscriptions,Great internet bank,5,2026-07-24T19:19:54Z,Monzo,1052238659,ios,gb,en,7.36.0,,False,2026-08-26T07:01:38.480290Z,https://apps.apple.com/gb/app/id1052238659
761baff36c81a3e117fcf5b681f3b745,Great app for banking!,Fab,5,2026-07-24T17:40:39Z,Monzo,1052238659,ios,gb,en,7.36.0,,False,2026-08-26T07:01:38.480290Z,https://apps.apple.com/gb/app/id1052238659
6afbe07c1803b63d552d3aa177be9f37,Very good,Money,5,2026-07-24T16:45:06Z,Monzo,1052238659,ios,gb,en,7.36.0,,False,2026-08-26T07:01:38.480290Z,https://apps.apple.com/gb/app/id1052238659
7c4ad6b688745150d9fd49cc68e7ded0,Really easy bank to deal with,User friendly,5,2026-07-24T16:26:40Z,Monzo,1052238659,ios,gb,en,7.36.0,,False,2026-08-26T07:01:38.480290Z,https://apps.apple.com/gb/app/id1052238659
6b7c705832806f606842045c8e2af932,Payment before pay day!,Payment before pay day!,5,2026-07-24T15:31:01Z,Monzo,1052238659,ios,gb,en,7.36.0,,False,2026-08-26T07:01:38.480290Z,https://apps.apple.com/gb/app/id1052238659
9f8d3e7bd6f34bc2179755e0fdcc1f1c,For All That They Do - 'Apps Can't Shout' 😂 x,Loving MONZO 👍🏻,5,2026-07-24T04:46:28Z,Monzo,1052238659,ios,gb,en,7.36.0,,False,2026-08-26T07:01:38.480290Z,https://apps.apple.com/gb/app/id1052238659
0c9694143a280f73ec5427002608879b,I’ve never been able to save monzo has made that possible 🤍,Amazing,5,2026-07-23T18:52:00Z,Monzo,1052238659,ios,gb,en,7.35.0,,False,2026-08-26T07:01:38.480290Z,https://apps.apple.com/gb/app/id1052238659
d888075e5cba4a94dc9ca188d1234197,Great,10/10,5,2026-07-23T18:46:15Z,Monzo,1052238659,ios,gb,en,7.35.0,,False,2026-08-26T07:01:38.480290Z,https://apps.apple.com/gb/app/id1052238659
810c6390e3d71ce1c82ad3c9083576c8,Excellent,Me l Harrison,5,2026-07-23T18:11:24Z,Monzo,1052238659,ios,gb,en,7.35.0,,False,2026-08-26T07:01:38.480290Z,https://apps.apple.com/gb/app/id1052238659
c070a4d77e46b9ed62541524a01366e4,This is the first bank that actually explains things and does actually help when you want it.,Top bank,5,2026-07-23T17:08:18Z,Monzo,1052238659,ios,gb,en,7.35.0,,False,2026-08-26T07:01:38.480290Z,https://apps.apple.com/gb/app/id1052238659
99150437f3846af7e8169fe377221a8a,Love my monzo account would recommend to anyone,Always helpful,5,2026-07-23T17:03:44Z,Monzo,1052238659,ios,gb,en,7.35.0,,False,2026-08-26T07:01:38.480290Z,https://apps.apple.com/gb/app/id1052238659
550f8996a3f6147cba06c0224ae58401,Good Job,My Review,5,2026-07-23T16:49:21Z,Monzo,1052238659,ios,gb,en,7.35.0,,False,2026-08-26T07:01:38.480290Z,https://apps.apple.com/gb/app/id1052238659
5d29a90fe6ed9008365439a3aa00c06a,Good app - good bank - please stop asking me for reviews now,Good,5,2026-07-23T16:15:48Z,Monzo,1052238659,ios,gb,en,7.35.0,,False,2026-08-26T07:01:38.480290Z,https://apps.apple.com/gb/app/id1052238659
4f6fbe4a6bd3b7c89d97dc5651a016e0,I like the option to get paid early for payday a day you expect it to come,Money,5,2026-07-23T15:58:48Z,Monzo,1052238659,ios,gb,en,7.35.0,,False,2026-08-26T07:01:38.480290Z,https://apps.apple.com/gb/app/id1052238659
901ecafda6a8fb086639c3afe776c4b5,Been using Monzo for years early pay day is a great feature,Banking,5,2026-07-23T15:53:16Z,Monzo,1052238659,ios,gb,en,7.35.0,,False,2026-08-26T07:01:38.480290Z,https://apps.apple.com/gb/app/id1052238659
b87f9ebfe31a28c6e48cb9d01f4082c2,This is such a person friendly bank- I’ve NEVER ever had any problems,Love this bank,5,2026-07-23T15:52:57Z,Monzo,1052238659,ios,gb,en,7.35.0,,False,2026-08-26T07:01:38.480290Z,https://apps.apple.com/gb/app/id1052238659
4fbfe58ae381a8c5b2979ef59f5e9197,"First class banking App, one satisfied customer",Exceptional,5,2026-07-23T15:46:46Z,Monzo,1052238659,ios,gb,en,7.35.0,,False,2026-08-26T07:01:38.480290Z,https://apps.apple.com/gb/app/id1052238659
27ab989cf0dff84d481ccc34976781cb,Fast and Reliable,Ralli,5,2026-07-23T15:44:34Z,Monzo,1052238659,ios,gb,en,7.35.0,,False,2026-08-26T07:01:38.480290Z,https://apps.apple.com/gb/app/id1052238659
6c743f3402c6f1439b1803a1ec45b58d,"I have tried banking apps who are meant to secure your finances. However, none of them compare to Monzo. Especially with the quick responses in communication and resolving any issues you may have.",Best banking app,5,2026-07-23T15:40:58Z,Monzo,1052238659,ios,gb,en,7.35.0,,False,2026-08-26T07:01:38.480290Z,https://apps.apple.com/gb/app/id1052238659
5e4ac399277feb595262081c55993363,I’m a minor and I decided to make an account because I really need a bank account for my new job salary. They kept asking me ridiculous questions and I even showed my passport. They refused and said “unfortunately we cannot make an account for you”. I then decided to use my mom’s email and phone number and this time I decided to say I was employed. Still didn’t work!! Please don’t waste your time with Monzo. It probably only works if you’re 18+. Just go to your local bank in your area instead of overrated online stuff!!,Unable to make an account....WAS NOT MY TIME!!,1,2026-07-23T11:58:13Z,Monzo,1052238659,ios,gb,en,7.35.0,,False,2026-08-26T07:01:38.480290Z,https://apps.apple.com/gb/app/id1052238659
e28fc7c40898a3b8494463446e9e73ef,Every time i try purchase something they freeze my card then make up stuff been waiting a day for them to unblock a transaction don’t use Monzo personally would use Revolute,Terrible bank,1,2026-07-23T06:17:24Z,Monzo,1052238659,ios,gb,en,7.35.0,,False,2026-08-26T07:01:38.480290Z,https://apps.apple.com/gb/app/id1052238659
22a612f639d5936e90fc828b1caf7a5a,I really like Monzo because it helps to organise payments etc,Easy to use,5,2026-07-22T15:05:33Z,Monzo,1052238659,ios,gb,en,7.35.0,,False,2026-08-26T07:01:38.480290Z,https://apps.apple.com/gb/app/id1052238659
ccbf1a96646e9a558e1876c5932c4a9c,"Twice I sent payments when recipient gave wrong payment details. For other banks or WISE, mistaken payment will be bounced back immediately. But with Monzo the money was gone and they had no clue what to do so they were not willing to help or refund my money. I had to tell Monzo that I prepared to raise a case with Financial Ombudsman Service (FOS), only then Monzo agreed to give my money back.",kkcat,1,2026-07-21T12:46:38Z,Monzo,1052238659,ios,gb,en,7.35.0,,False,2026-08-26T07:01:38.480290Z,https://apps.apple.com/gb/app/id1052238659
58fef1b596db69ca3ab4c766fa61b006,Honestly a Great Simple Banking system.,Mr,5,2026-07-20T15:35:08Z,Monzo,1052238659,ios,gb,en,7.35.0,,False,2026-08-26T07:01:38.480290Z,https://apps.apple.com/gb/app/id1052238659
a667f67f1931e3f751bce926cbfe9318,Good bank,Monzo,5,2026-07-20T15:31:21Z,Monzo,1052238659,ios,gb,en,7.35.0,,False,2026-08-26T07:01:38.480290Z,https://apps.apple.com/gb/app/id1052238659
1d7197fad3dd1676efa1014ee14a5988,I was so unsure of changing banks as I’m a stick with what you know kind of person and I had been with my current bank for over 20 years I’m so glad I did it’s been the easiest banking I have ever done well done to the Monzo banking,Banking made easy,5,2026-07-20T15:29:36Z,Monzo,1052238659,ios,gb,en,7.35.0,,False,2026-08-26T07:01:38.480290Z,https://apps.apple.com/gb/app/id1052238659
10fd4fc1fa306d68c5abb35a7f52b205,Best bank!!!!,ADHD_GIRLE,5,2026-07-20T15:19:01Z,Monzo,1052238659,ios,gb,en,7.35.0,,False,2026-08-26T07:01:38.480290Z,https://apps.apple.com/gb/app/id1052238659
ee40490b5f96083dd6ef55ee73b6ce28,"Fantastic App. Have both my Business & Personal accounts with them & they’re everything I could want & more really. Great rates, clear & straightforward platforms & transfers between my two accounts are seamless. Excellent job Monzo! 😊👍🏼",Fantastic App,5,2026-07-19T18:38:09Z,Monzo,1052238659,ios,gb,en,7.35.0,,False,2026-08-26T07:01:38.480290Z,https://apps.apple.com/gb/app/id1052238659
96dae0e6ce01d4b9f20eb73fe212f064,Fantastic company no issues,Top banking,5,2026-07-19T16:33:54Z,Monzo,1052238659,ios,gb,en,7.35.0,,False,2026-08-26T07:01:38.480290Z,https://apps.apple.com/gb/app/id1052238659
2a287286d794116c637ac86d934f23ee,After review number 67 lion messy covered his mouth desiscion is penalty,Coles left cheesy toes,1,2026-07-19T15:50:18Z,Monzo,1052238659,ios,gb,en,7.35.0,,False,2026-08-26T07:01:38.480290Z,https://apps.apple.com/gb/app/id1052238659
0afa5c8f30b6f5b980e5b81ab079f3bb,I can’t update,Help,5,2026-07-18T12:32:05Z,Monzo,1052238659,ios,gb,en,7.35.0,,False,2026-08-26T07:01:38.480290Z,https://apps.apple.com/gb/app/id1052238659
a676e22fcc5e7373060f1d8608ae16e0,Absolutely love Monzo. The split pots are amazing and so much easier to keep on track of everything. !!!!,The best bank,5,2026-07-18T11:00:44Z,Monzo,1052238659,ios,gb,en,7.35.0,,False,2026-08-26T07:01:38.480290Z,https://apps.apple.com/gb/app/id1052238659
2721ec23173254dc5b278c911e4c9b5a,Best app bank,Monzo,5,2026-07-17T18:11:21Z,Monzo,1052238659,ios,gb,en,7.35.0,,False,2026-08-26T07:01:38.480290Z,https://apps.apple.com/gb/app/id1052238659
cd9662ad1881255fb6f5e833e3e34a55,Had Monzo years now and it’s the best bank - had a few fraudulent issues and have sorted them within an hour and refunded the money. Never had an issue with them and would never leave. Couldn’t recommend more.,Best Bank,5,2026-07-17T16:21:55Z,Monzo,1052238659,ios,gb,en,7.35.0,,False,2026-08-26T07:01:38.480290Z,https://apps.apple.com/gb/app/id1052238659
dc9327037092caa7b2e0b0bab7efabff,I have this bank for ages ... I have recently been through a couple of scams about I have reported this to the bank and had proof but still not they have said no evidence so I can’t get my money back .. this has happened couple of times now 🤬🤬🤬,Bad bank,1,2026-07-17T14:38:59Z,Monzo,1052238659,ios,gb,en,7.35.0,,False,2026-08-26T07:01:38.480290Z,https://apps.apple.com/gb/app/id1052238659
69593b21573c188afb8c1590a2cce83b,Goood,Goood,5,2026-07-17T06:41:57Z,Monzo,1052238659,ios,gb,en,7.35.0,,False,2026-08-26T07:01:38.480290Z,https://apps.apple.com/gb/app/id1052238659
21ce3903c2648b706b67e2b78f421648,Poor experience if you happen to withdraw more money in one go. Need to switch to normal bank,Poor,1,2026-07-16T22:51:51Z,Monzo,1052238659,ios,gb,en,7.35.0,,False,2026-08-26T07:01:38.480290Z,https://apps.apple.com/gb/app/id1052238659
93835e7406357e5b962a91c592d7efe8,Great idea,Amazing,5,2026-07-16T18:30:30Z,Monzo,1052238659,ios,gb,en,7.35.0,,False,2026-08-26T07:01:38.480290Z,https://apps.apple.com/gb/app/id1052238659
d61310cd8b3f94bf8ee453f6a18a44d2,I was introduced to Monzo by my Daughter best thing I’ve done in years I’ve closed down my other bank after55 years. So simple to use I actually love it 🫶🫶,Great Bank,5,2026-07-16T18:05:18Z,Monzo,1052238659,ios,gb,en,7.35.0,,False,2026-08-26T07:01:38.480290Z,https://apps.apple.com/gb/app/id1052238659
86fd1ae2c7e5c2803d2d5c09e02407ac,I’m in love with your services,Engineer,5,2026-07-16T17:19:33Z,Monzo,1052238659,ios,gb,en,7.35.0,,False,2026-08-26T07:01:38.480290Z,https://apps.apple.com/gb/app/id1052238659
017b6c05839298ff3daef34e0a7ec52a,Works great but sometimes hard to find things,Easiest bank and user friendly app,5,2026-07-16T17:07:43Z,Monzo,1052238659,ios,gb,en,7.35.0,,False,2026-08-26T07:01:38.480290Z,https://apps.apple.com/gb/app/id1052238659
40bcc039a25ce0d598f38e0ba55b4912,Best feature ever! So insightful.,Get paid Now,5,2026-07-16T16:10:28Z,Monzo,1052238659,ios,gb,en,7.35.0,,False,2026-08-26T07:01:38.480290Z,https://apps.apple.com/gb/app/id1052238659
fcc3badd115790f8f610b64d9f1b1850,Splendid,Excellent,5,2026-07-16T15:39:53Z,Monzo,1052238659,ios,gb,en,7.35.0,,False,2026-08-26T07:01:38.480290Z,https://apps.apple.com/gb/app/id1052238659
f9441e68e808358dff338807fec7fe53,"Monzo is one of the best accounts I’ve ever had. Everything about the app is easily accessible, making banking simpler. My favourite bit about the app is being able to have incoming bank transfers released nearly a day earlier. For example, when you see your wages coming into your account, you can request the money after 4pm the day before 🙌🏼 Wish all banks did this.",Life is much simpler 😊,5,2026-07-16T15:37:54Z,Monzo,1052238659,ios,gb,en,7.35.0,,False,2026-08-26T07:01:38.480290Z,https://apps.apple.com/gb/app/id1052238659
0d46598c1d3dee5f1bf9acd482985a79,I’ve been with Monzo since 2018 and since then they have and still are miles ahead of the average high street bank.,They are just ace!,5,2026-07-16T15:18:03Z,Monzo,1052238659,ios,gb,en,7.35.0,,False,2026-08-26T07:01:38.480290Z,https://apps.apple.com/gb/app/id1052238659
f49ebb530bde7f8f96b9429699b0997a,"I’m 74 so I have had many banks over the years and Monzo is the best, by a mile.",Best bank ever,5,2026-07-16T15:16:16Z,Monzo,1052238659,ios,gb,en,7.35.0,,False,2026-08-26T07:01:38.480290Z,https://apps.apple.com/gb/app/id1052238659
76577ad76efe429076ce8f08f5a44812,Brilliant,Brilliant,5,2026-07-15T16:14:53Z,Monzo,1052238659,ios,gb,en,7.34.0,,False,2026-08-26T07:01:38.480290Z,https://apps.apple.com/gb/app/id1052238659
21ff7547dae704d4c450cbb5d3d33345,5/5,The best online banking,5,2026-07-15T16:04:27Z,Monzo,1052238659,ios,gb,en,7.34.0,,False,2026-08-26T07:01:38.480290Z,https://apps.apple.com/gb/app/id1052238659
4958faaa90c02fc8c09ccd937ca6c676,Good,Monzo,5,2026-07-15T15:17:52Z,Monzo,1052238659,ios,gb,en,7.34.0,,False,2026-08-26T07:01:38.480290Z,https://apps.apple.com/gb/app/id1052238659
b4c0a15b1c3b98dde346ab56b19a6541,Absolutely love Monzo referred so many of my friends,My favourite!,5,2026-07-15T15:00:50Z,Monzo,1052238659,ios,gb,en,7.34.0,,False,2026-08-26T07:01:38.480290Z,https://apps.apple.com/gb/app/id1052238659
86eb5996bd1dcc2ab9f97e77bc460cc5,"There’s even a book of money by Monzo, which gives really helpful info - much of which I now know, but great info on managing finances.",I use Monzo every day,5,2026-07-15T10:46:57Z,Monzo,1052238659,ios,gb,en,7.34.0,,False,2026-08-26T07:01:38.480290Z,https://apps.apple.com/gb/app/id1052238659
313651e6f52f6af1551678e4c83d8f1b,Great banking,Great,5,2026-07-15T10:22:40Z,Monzo,1052238659,ios,gb,en,7.34.0,,False,2026-08-26T07:01:38.480290Z,https://apps.apple.com/gb/app/id1052238659
99f32d36a86ed8c51d07e827a9499396,"Monzo is single-handedly the best bank in 2026. It is so intuitive, so financially intelligent, easy to use, and actually makes money and finance and accounts enjoyable. Love the interface as well, very engaging, and I love all the little quirks that give such value. Such a serious contender. Monzo in the modern market, highly recommend",Cannot be beaten,5,2026-07-15T09:30:01Z,Monzo,1052238659,ios,gb,en,7.34.0,,False,2026-08-26T07:01:38.480290Z,https://apps.apple.com/gb/app/id1052238659
ebf8f570722a77837817c4ed760266cf,Simply brilliant,Monzo,5,2026-07-14T23:11:35Z,Monzo,1052238659,ios,gb,en,7.34.0,,False,2026-08-26T07:01:38.480290Z,https://apps.apple.com/gb/app/id1052238659
d002a4b316fcc66ed22cb84bc67527b7,"I am using it for last 2 years it’s overall good not very good.. a fraudulent activity was made on my account hard to reach the customer support, reply was delayed and money is still not back into my account They said money will be transferred back.",Sana,3,2026-07-14T19:47:17Z,Monzo,1052238659,ios,gb,en,7.34.0,,False,2026-08-26T07:01:38.480290Z,https://apps.apple.com/gb/app/id1052238659
044c6c4fbbfcf03a7bf2a9aee1891d7d,Its peak,Well good mush,5,2026-07-14T18:10:08Z,Monzo,1052238659,ios,gb,en,7.34.0,,False,2026-08-26T07:01:38.480290Z,https://apps.apple.com/gb/app/id1052238659
135781a373e78165d77e5d6a538d8793,It’s really amazing getting paid a day to your pay day... The last day is like forever.,Amazing.,5,2026-07-14T16:52:00Z,Monzo,1052238659,ios,gb,en,7.34.0,,False,2026-08-26T07:01:38.480290Z,https://apps.apple.com/gb/app/id1052238659
3fc828649dac1173ce3b9b4b6340243c,Best one,Best,5,2026-07-14T16:36:40Z,Monzo,1052238659,ios,gb,en,7.34.0,,False,2026-08-26T07:01:38.480290Z,https://apps.apple.com/gb/app/id1052238659
5c8824581552862ff5b7b4a995bd5d93,"I really like how Monzo makes it super simple to save money, manage my finances, and keep all my financial info in one place.",Banking made simple,5,2026-07-14T16:11:21Z,Monzo,1052238659,ios,gb,en,7.34.0,,False,2026-08-26T07:01:38.480290Z,https://apps.apple.com/gb/app/id1052238659
81182c2fed8ef59941f5f48529009c69,"Been with Monzo for last 4 years, not one bad experience so far. The 1 day early salary withdraw is a life saver. Cant think of moving my account to anyone else. Wish other high-street banks were like Monzo.",The best money app out there,5,2026-07-14T16:05:23Z,Monzo,1052238659,ios,gb,en,7.34.0,,False,2026-08-26T07:01:38.480290Z,https://apps.apple.com/gb/app/id1052238659
7c33251a57d1ae986cdc6d4d20488287,Great,Great app,5,2026-07-14T15:39:02Z,Monzo,1052238659,ios,gb,en,7.34.0,,False,2026-08-26T07:01:38.480290Z,https://apps.apple.com/gb/app/id1052238659
8873185d3f5fa79066708eba663e737e,This is a great service would recommend it to anyone,Nobody,5,2026-07-14T15:35:33Z,Monzo,1052238659,ios,gb,en,7.34.0,,False,2026-08-26T07:01:38.480290Z,https://apps.apple.com/gb/app/id1052238659
b90809faa24d9797603649501c5472aa,Excellent bank with excellent fast friendly customer service,Review,5,2026-07-14T15:16:19Z,Monzo,1052238659,ios,gb,en,7.34.0,,False,2026-08-26T07:01:38.480290Z,https://apps.apple.com/gb/app/id1052238659
aa98abab8e7903fa58b43dd314ef93d3,Super well,Good,5,2026-07-13T22:01:07Z,Monzo,1052238659,ios,gb,en,7.34.0,,False,2026-08-26T07:01:38.480290Z,https://apps.apple.com/gb/app/id1052238659
e1a0951d594105fd3a0ec98a20bbe0fd,Fantastic And don’t forget it’s brilliant taking it abroad,Mr Goffee,5,2026-07-13T15:37:12Z,Monzo,1052238659,ios,gb,en,7.34.0,,False,2026-08-26T07:01:38.480290Z,https://apps.apple.com/gb/app/id1052238659
30b8038e03e492d019e992078499ca9a,It’s a scam app please I even hate the fact that Snapchat keeps on sending me its ads like don’t get me started it’s not a genuine bank or app,Scam,1,2026-07-12T21:29:26Z,Monzo,1052238659,ios,gb,en,7.34.0,,False,2026-08-26T07:01:38.480290Z,https://apps.apple.com/gb/app/id1052238659
0db6bf553d7228214bf2dbebe8c5af0a,Monzo ok.,Monzo ok,5,2026-07-12T18:49:57Z,Monzo,1052238659,ios,gb,en,5.97.0,,False,2026-08-26T07:01:38.480290Z,https://apps.apple.com/gb/app/id1052238659
d1e20dbcd865d503450aacd26cec8fb8,"I love Monzo, the easiest way to keep an eye on your money, save and split bills!",The best!,5,2026-07-12T08:23:49Z,Monzo,1052238659,ios,gb,en,7.34.0,,False,2026-08-26T07:01:38.480290Z,https://apps.apple.com/gb/app/id1052238659
6cd4f663b591ff26a865cdc6a03bddc5,So smart can not use your app anymore my phone to old I phone 7 I don’t understand why I should have to buy another phone,Simon o’keeffe,1,2026-07-11T21:49:59Z,Monzo,1052238659,ios,gb,en,6.51.0,,False,2026-08-26T07:01:38.480290Z,https://apps.apple.com/gb/app/id1052238659
d601784273ec81a9fe135aa7bd20a9e1,Good app,Monzo,5,2026-07-11T17:40:24Z,Monzo,1052238659,ios,gb,en,7.34.0,,False,2026-08-26T07:01:38.480290Z,https://apps.apple.com/gb/app/id1052238659
3b51c5a4ce6ca4c682fe62651a5e3d0e,Love Monzo it offers so much.,Fantastic banking,1,2026-07-11T05:44:01Z,Monzo,1052238659,ios,gb,en,7.34.0,,False,2026-08-26T07:01:38.480290Z,https://apps.apple.com/gb/app/id1052238659
5c7dacdddaf10164b746bc4d29c64a90,Amazing app and easy to manage your money,Fantastic,4,2026-07-10T18:42:10Z,Monzo,1052238659,ios,gb,en,7.34.0,,False,2026-08-26T07:01:38.480290Z,https://apps.apple.com/gb/app/id1052238659
01800facbfa2ba68bf5e21ba8357b72e,"I would just like to say that in my opinion Monzo bank is the best bank I’ve ever dealt with. Monzo is straightforward and extremely helpful, unless they closed down I see no reason that I would ever leave them, thank goodness for a straightforward honest easy to use helpful bank.",Monzo review,5,2026-07-10T18:41:42Z,Monzo,1052238659,ios,gb,en,7.34.0,,False,2026-08-26T07:01:38.480290Z,https://apps.apple.com/gb/app/id1052238659
04ad23fa8b29d114dbc4d8105d482c05,Love the app but it keeps on logging me out of my account and it just gets so anno having to log back in everytime,Please fix this,3,2026-07-10T16:45:49Z,Monzo,1052238659,ios,gb,en,7.34.0,,False,2026-08-26T07:01:38.480290Z,https://apps.apple.com/gb/app/id1052238659
824e3a0aa9b4a55047758996bdb7f332,Excellent and easy,Mr,5,2026-07-10T16:23:53Z,Monzo,1052238659,ios,gb,en,7.34.0,,False,2026-08-26T07:01:38.480290Z,https://apps.apple.com/gb/app/id1052238659
e062127d8873342ce70b194587c5caca,Amazing,Amazing,5,2026-07-10T16:00:43Z,Monzo,1052238659,ios,gb,en,7.34.0,,False,2026-08-26T07:01:38.480290Z,https://apps.apple.com/gb/app/id1052238659
db6c0f1ee43893a3044e752d774a4d4f,"I use Monzo banking for personal & business, it’s just so easy when you are mobile, out & about working. It allows you to do so much within the banking app & all instantly from my phone. Love it!",Best Bank Ever!,5,2026-07-10T15:15:36Z,Monzo,1052238659,ios,gb,en,7.34.0,,False,2026-08-26T07:01:38.480290Z,https://apps.apple.com/gb/app/id1052238659
265244aac03034a405e1319482718db0,Excellent,Service,5,2026-07-10T15:10:30Z,Monzo,1052238659,ios,gb,en,7.34.0,,False,2026-08-26T07:01:38.480290Z,https://apps.apple.com/gb/app/id1052238659
5f9db8fc46aa2050f57f80aeee2cd9ff,Missing more options investing wise but overall great,All good,5,2026-07-09T18:25:34Z,Monzo,1052238659,ios,gb,en,7.34.0,,False,2026-08-26T07:01:38.480290Z,https://apps.apple.com/gb/app/id1052238659
7c75d625cead8c1e367423bed6d2aba5,The best bank in the world !,Monzo,5,2026-07-09T17:31:39Z,Monzo,1052238659,ios,gb,en,7.34.0,,False,2026-08-26T07:01:38.480290Z,https://apps.apple.com/gb/app/id1052238659
83de5d4118cbad75f61226f181238b26,Love this bank,My money,5,2026-07-09T17:16:33Z,Monzo,1052238659,ios,gb,en,7.34.0,,False,2026-08-26T07:01:38.480290Z,https://apps.apple.com/gb/app/id1052238659
058bb85865adbd3b4f9335444d4f8e5c,I love you,Monzo,5,2026-07-09T16:45:05Z,Monzo,1052238659,ios,gb,en,7.34.0,,False,2026-08-26T07:01:38.480290Z,https://apps.apple.com/gb/app/id1052238659
b9d3be9868ec226fcc0824248e9f5000,Wouldn’t work wherever I went on holiday but worked offline on the plane.,Let me down on holiday,1,2026-07-08T20:20:56Z,Monzo,1052238659,ios,gb,en,7.33.0,,False,2026-08-26T07:01:38.480290Z,https://apps.apple.com/gb/app/id1052238659
945c73e606df5a63335e359ccc66f48c,"As mentioned, the app is brilliant. Really well thought out and always has a creative way of offering insightful information and fosters good habits like the penny challenge. My only point for improvement is that I wish there was the option for flex payments to default to “pay in 3, interest free” rather than needing to select it for every transaction. Otherwise, the app is really good, borderline fun to use.","Exceptional, my only improvement is..",5,2026-07-08T18:42:25Z,Monzo,1052238659,ios,gb,en,7.33.0,,False,2026-08-26T07:01:38.480290Z,https://apps.apple.com/gb/app/id1052238659
609a9f5690cb531422866448017cfd24,easy to use and really helpful thanks Monzo,Monzo,4,2026-07-08T17:49:24Z,Monzo,1052238659,ios,gb,en,7.33.0,,False,2026-08-26T07:01:38.480290Z,https://apps.apple.com/gb/app/id1052238659
8a4db8c4eeab6a0cb60c0e4ac774aca0,Finally switched full time to Monzo after previously only really using it when abroad. Zero regrets. Such an amazing UI vs the old clunky British banks!,Zero regrets,5,2026-07-08T17:34:09Z,Monzo,1052238659,ios,gb,en,7.33.0,,False,2026-08-26T07:01:38.480290Z,https://apps.apple.com/gb/app/id1052238659
3741fb5c87fc6cfd0d479a6152bfb167,"Worst banking app I have used I originally started using this app for the special feature of putting money into saving pots. At first it was a really good app to save with so then I opened my daughter a under 16s account and then both of us got locked out and face identification does not work and all they say we can do is do the video identification check which hasn’t worked for months now, my daughter who is now 16 and can have her own account money is locked away I have also tried multiple times to completely close both accounts but seems like Monzo communication as a bank are limited and it’s all online. The adverts for Monzo across everywhere are better than the actual app. DO NOT BANK WITH MONZO.",Do not bank with Monzo,1,2026-07-08T09:10:22Z,Monzo,1052238659,ios,gb,en,7.33.0,,False,2026-08-26T07:01:38.480290Z,https://apps.apple.com/gb/app/id1052238659
c402a2dbdcef56325065453132d88440,MONZO is a very trust worthy bank. I’ve had my account with them for nearly a year now and have never had any problems before. Highly recommend ☺️☺️,100% recommend,5,2026-07-07T23:12:17Z,Monzo,1052238659,ios,gb,en,7.33.0,,False,2026-08-26T07:01:38.480290Z,https://apps.apple.com/gb/app/id1052238659
7eba0050236b2e047e42642eb07cf92a,Without monzo I will be not in stage in my life that I am currently now. It’s best banking app that I ever have.,A saver,5,2026-07-07T17:04:32Z,Monzo,1052238659,ios,gb,en,7.33.0,,False,2026-08-26T07:01:38.480290Z,https://apps.apple.com/gb/app/id1052238659
2b0a786604aa4a686a17f59609c588e4,This company breaches your personal data and is a security risk as it has back door actions with the uk gov and tracks your accounts etc and reports this to dwp As well as restricts your ability to use cash and services Not used any more,Security risk and breach personal data,1,2026-07-07T17:00:22Z,Monzo,1052238659,ios,gb,en,7.33.0,,False,2026-08-26T07:01:38.480290Z,https://apps.apple.com/gb/app/id1052238659
972f8dfcf35bea999c0a4c220a339fa5,Love this bank! Get payments early! Always easy to use!,Brilliant bank!,5,2026-07-07T16:20:38Z,Monzo,1052238659,ios,gb,en,7.33.0,,False,2026-08-26T07:01:38.480290Z,https://apps.apple.com/gb/app/id1052238659
2110e2aefe697e986505167488aa2bbe,"Banked with monzo since 2019 and it has grown so much, I have a Max account and it is worth every penny. I’m looking forward to the mobile roll out!",Great account!!,5,2026-07-07T15:18:48Z,Monzo,1052238659,ios,gb,en,7.33.0,,False,2026-08-26T07:01:38.480290Z,https://apps.apple.com/gb/app/id1052238659
504eb54b3dd91c431c53b076906f0196,Best bank I have been with. Would never go anywhere else.,5 star review for monzo,5,2026-07-07T15:15:28Z,Monzo,1052238659,ios,gb,en,7.33.0,,False,2026-08-26T07:01:38.480290Z,https://apps.apple.com/gb/app/id1052238659
90545189e5c5e3783f4fc8e430740756,"Very good bank, swift to refund after being scammed, app is very easy to use",Monzo review,5,2026-07-07T15:09:52Z,Monzo,1052238659,ios,gb,en,7.33.0,,False,2026-08-26T07:01:38.480290Z,https://apps.apple.com/gb/app/id1052238659
51a8cebb912f5f05517e894f45fbca2c,Great,Great,5,2026-07-07T15:02:11Z,Monzo,1052238659,ios,gb,en,7.33.0,,False,2026-08-26T07:01:38.480290Z,https://apps.apple.com/gb/app/id1052238659
dc0892e01f98e920932a0f737ee0e0a2,Good,Good,5,2026-07-06T23:15:45Z,Monzo,1052238659,ios,gb,en,7.33.0,,False,2026-08-26T07:01:38.480290Z,https://apps.apple.com/gb/app/id1052238659
0c0ed81a17e3cd66cccf30186a0f1c54,I love Monzo app,Excellent,5,2026-07-06T18:20:57Z,Monzo,1052238659,ios,gb,en,7.33.0,,False,2026-08-26T07:01:38.480290Z,https://apps.apple.com/gb/app/id1052238659
e7cb3d8fa820954de8a6f22235b2234c,"Being given the option to get your money paid a day early by putting you in the process to accept the option and then interactively drag n drop the experience is a bit special. Having been with Monzo for nearly 10 years, they keep raising the bar. Well done!",App Tech UI.,5,2026-07-06T16:20:03Z,Monzo,1052238659,ios,gb,en,7.33.0,,False,2026-08-26T07:01:38.480290Z,https://apps.apple.com/gb/app/id1052238659
a1ab31ab167ec02b9bec2fe342d70e1b,Great bank love using them,App,5,2026-07-06T15:10:12Z,Monzo,1052238659,ios,gb,en,7.33.0,,False,2026-08-26T07:01:38.480290Z,https://apps.apple.com/gb/app/id1052238659
6c52d5d6f1fbd6821ecca64c1922fa40,Best bank I’ve ever been with. I was a little worried at first due to it being online only. I don’t know why I was worried. It’s been brilliant. I recommend this bank 1 million percent.,Amazing bank,5,2026-07-06T15:08:53Z,Monzo,1052238659,ios,gb,en,7.33.0,,False,2026-08-26T07:01:38.480290Z,https://apps.apple.com/gb/app/id1052238659
88672ab96ba625d923c5731295715a68,Best,Yhh,5,2026-07-06T15:04:57Z,Monzo,1052238659,ios,gb,en,7.33.0,,False,2026-08-26T07:01:38.480290Z,https://apps.apple.com/gb/app/id1052238659
2155d3e86f996f08ed1b47bcae467975,The app requires iOS 17 so I can’t use the App on my phone. There was nothing to say this until I tried to download the app. So I am not exactly delighted.,Requires iOS 17,1,2026-07-06T14:01:48Z,Monzo,1052238659,ios,gb,en,7.33.0,,False,2026-08-26T07:01:38.480290Z,https://apps.apple.com/gb/app/id1052238659
a5c149db2c4ba3599c7753c975198c9b,Monzo is a great example of something done right. They have thought of almost everything we want as a customer and they seem to keep pumping out great services. I hate most companies to be honest. They just want our money and that’s all it feels like. But Monzo just delivers over and over again,Best decision,5,2026-07-05T13:56:09Z,Monzo,1052238659,ios,gb,en,7.33.0,,False,2026-08-26T07:01:38.480290Z,https://apps.apple.com/gb/app/id1052238659
4f5134299f1d89a9e1e715db777ba9c8,I didn’t receive the bonus for joining neither did my friend,Refer a friend,1,2026-07-04T12:20:27Z,Monzo,1052238659,ios,gb,en,7.33.0,,False,2026-08-26T07:01:38.480290Z,https://apps.apple.com/gb/app/id1052238659
7ac015f82c269f633778dab93cbd4df8,"Super easy to use the app and transferring money is hassle free, it is a game changer",Incredibly easy to use,5,2026-07-04T10:37:40Z,Monzo,1052238659,ios,gb,en,7.33.0,,False,2026-08-26T07:01:38.480290Z,https://apps.apple.com/gb/app/id1052238659
0ffa86162e499d5f1e32f39806fb8ae8,Exceptional banking x,Me,5,2026-07-04T09:22:52Z,Monzo,1052238659,ios,gb,en,7.33.0,,False,2026-08-26T07:01:38.480290Z,https://apps.apple.com/gb/app/id1052238659
3030b4a3df02e42bd49c263f94d79b98,"Got scammed twice, never got the money back, if you use their credit card consider the risk that they won’t refund you like Amex, so I’ve solved it by getting another credit card in a real bank","Never got the money back, twice!!",1,2026-07-04T08:46:40Z,Monzo,1052238659,ios,gb,en,7.33.0,,False,2026-08-26T07:01:38.480290Z,https://apps.apple.com/gb/app/id1052238659
65012fe2a30a4e7196ef6ff81b917847,"My partner took out a loan and transferred the funds to me so I could pay off my existing debts in my home country and provide financial support to both of our families. Because of the amount, my transfer was flagged and placed on hold. I immediately submitted the loan agreement and proof that the funds came from my partner. Despite providing everything they requested, my account is still on hold. I was told they would let me know their decision, but it's now been five days. Every time I contact customer support, I receive the same generic response, with no updates and no clear timeline. The most frustrating part is that while my money is being held, I'm the one who will have to deal with the consequences. I'll be charged interest for late payments on debts that I was ready to settle, simply because I cannot access my own funds. Those extra costs won't be covered by the bank. This experience has been incredibly disappointing. Poor customer service, a lack of transparency, and no one seems willing to help or provide meaningful updates. Based on my experience, I cannot recommend using Monzo. I hope no one else has to go through this.",WARNING,1,2026-07-03T23:46:01Z,Monzo,1052238659,ios,gb,en,7.33.0,,False,2026-08-26T07:01:38.480290Z,https://apps.apple.com/gb/app/id1052238659
f8af434bc45fb1abb046e8af4944f07b,Amazing,5*,5,2026-07-03T18:59:07Z,Monzo,1052238659,ios,gb,en,7.33.0,,False,2026-08-26T07:01:38.480290Z,https://apps.apple.com/gb/app/id1052238659
d5983b0bdc02b2eb7fea9d601b916177,Fantastic service - always - efficient and very responsive. First class.,Helpful,5,2026-07-03T17:26:24Z,Monzo,1052238659,ios,gb,en,7.33.0,,False,2026-08-26T07:01:38.480290Z,https://apps.apple.com/gb/app/id1052238659
b01fc8748fd442cd7ff97b23cf042521,"I’m loving the easy account change over from another bank and using Monzo banking app, it is a pleasure to see how little money I have every day😆😆",Keep referring to friends,5,2026-07-03T16:44:58Z,Monzo,1052238659,ios,gb,en,7.33.0,,False,2026-08-26T07:01:38.480290Z,https://apps.apple.com/gb/app/id1052238659
5c0f2043dea138ec2a576043909fefa8,Easy to use and on our side love this bank,The best bank!,5,2026-07-03T16:25:24Z,Monzo,1052238659,ios,gb,en,7.33.0,,False,2026-08-26T07:01:38.480290Z,https://apps.apple.com/gb/app/id1052238659
d4b10d64c7f96b57cce9724c713334d1,Best bank account ever!!! I enjoy the app and it’s stress free. It’s very easy to use and to put all your old pensions into one place is fantastic!!!!! Love everything about this app ♥️♥️♥️♥️♥️♥️,Happy customer,5,2026-07-03T15:35:46Z,Monzo,1052238659,ios,gb,en,7.33.0,,False,2026-08-26T07:01:38.480290Z,https://apps.apple.com/gb/app/id1052238659
6f4f314a988d99e7c608d9add19423fa,Perfect,Understand with good interface,5,2026-07-03T15:24:32Z,Monzo,1052238659,ios,gb,en,7.33.0,,False,2026-08-26T07:01:38.480290Z,https://apps.apple.com/gb/app/id1052238659
0de0d6dd300da6c45e8b11b83d5d5a25,"I have requested a phone call when convenient for a week to resolve an issue, yet, customer service keep insisting to chat via the app. I have an 8 month old daughter and typing in a chat constantly is time consuming and the issue could be resolved in a 10 minute phone call. Monzo need to listen to their customers. I have made a formal complaint as I have requested everyday for a week for a phone call. Monzo call back at inconvenient times when I’ve said I’m not available or not called at all. It’s ridiculous. I’ve never had anything like this with a bank.",Customer service?,1,2026-07-03T15:17:28Z,Monzo,1052238659,ios,gb,en,7.33.0,,False,2026-08-26T07:01:38.480290Z,https://apps.apple.com/gb/app/id1052238659
0916b17a7cac087dd016240cb276d2d3,Easy to use,Excellent Banking,5,2026-07-03T12:59:08Z,Monzo,1052238659,ios,gb,en,7.33.0,,False,2026-08-26T07:01:38.480290Z,https://apps.apple.com/gb/app/id1052238659
0b06741117fd9275dcce182c6383a712,So easy to use and very helpful,Monzo,5,2026-07-02T22:32:02Z,Monzo,1052238659,ios,gb,en,7.33.0,,False,2026-08-26T07:01:38.480290Z,https://apps.apple.com/gb/app/id1052238659
931e2ce16fb54cff95b0fc8cbb01498b,Didn’t think this was possible must be with Monzo,Pay one day early,5,2026-07-02T17:07:29Z,Monzo,1052238659,ios,gb,en,7.33.0,,False,2026-08-26T07:01:38.480290Z,https://apps.apple.com/gb/app/id1052238659
a7432931aea9c32ccc9c5fc98d557338,Had Monzo previously and left to persue other banks. Glad I came back. Easy to speak to customer services if needed & a good range of features such as being able to cash in. The app is easy to use as well with lots of customisation. I will remain a customer now.,Best bank out there,5,2026-07-02T16:52:56Z,Monzo,1052238659,ios,gb,en,7.33.0,,False,2026-08-26T07:01:38.480290Z,https://apps.apple.com/gb/app/id1052238659
711a0a4b95513bb650803d47845d62b5,Great bank,Good,5,2026-07-02T16:46:00Z,Monzo,1052238659,ios,gb,en,7.33.0,,False,2026-08-26T07:01:38.480290Z,https://apps.apple.com/gb/app/id1052238659
595b97003de366222afb995493c6dcb8,Very excellent service they provided,Nice,5,2026-07-02T16:19:43Z,Monzo,1052238659,ios,gb,en,7.33.0,,False,2026-08-26T07:01:38.480290Z,https://apps.apple.com/gb/app/id1052238659
202b282f91c5647a1384e137c63cc7fa,The best thing ever thank you,Early pay,5,2026-07-02T16:17:58Z,Monzo,1052238659,ios,gb,en,7.33.0,,False,2026-08-26T07:01:38.480290Z,https://apps.apple.com/gb/app/id1052238659
93c6b7f085bc2305ff6f773d5c84cdda,Best app ever,Best app,5,2026-07-02T15:54:26Z,Monzo,1052238659,ios,gb,en,7.33.0,,False,2026-08-26T07:01:38.480290Z,https://apps.apple.com/gb/app/id1052238659
5e9ac0aa642196520a5b726103b5ac15,"I have used Monzo for last 2 years, it’s one of the most useful apps unless you have an issue, then the customer support is useless, half of them don’t even understand English, and they will read from a script, it feels like taking to robot, who doesn’t have a clue and keeps guessing what’s happening with it, And for some reason, you will never be able to talk to a manager.",Useless customer support,1,2026-07-02T02:02:08Z,Monzo,1052238659,ios,gb,en,7.32.1,,False,2026-08-26T07:01:38.480290Z,https://apps.apple.com/gb/app/id1052238659
4cdd9c277cd711a4b83436c5575dcbe4,"Easy to use, intuitive, good saving incentives, super easy to split bills and create shared tabs, interesting spending insights",Favourite banking app,5,2026-07-01T21:03:15Z,Monzo,1052238659,ios,gb,en,7.32.1,,False,2026-08-26T07:01:38.480290Z,https://apps.apple.com/gb/app/id1052238659
607d06109a385e8d63601ce2b7f8f590,"Don’t have an iPhone anymore so it would be nice if I could manage my money in a proper iPad app, not an iPhone app. And even if I did have an iPhone, sometimes it’s just better to use the iPad.","Great bank, needs an iPad version",3,2026-07-01T16:45:36Z,Monzo,1052238659,ios,gb,en,7.32.1,,False,2026-08-26T07:01:38.480290Z,https://apps.apple.com/gb/app/id1052238659
705cae77a5f97989261a1030d28b30be,"I hate that it won’t let you in the app until it’s been updated, forcing you to update",Annoying,1,2026-07-01T16:16:47Z,Monzo,1052238659,ios,gb,en,7.32.1,,False,2026-08-26T07:01:38.480290Z,https://apps.apple.com/gb/app/id1052238659
dd80212478ddbbff8d660a340149378d,"Monzo is arguably one of the best online banking in recent time. I commend all the team from the founder to the lowest staff. Think of anything banking, savings, investment, credit facilities, insurance etc. What ever you think of in the banking system, they will always be there for you. MONZO PLEASE JUST KEEP IT UP. You’re more than just 5 stars.",Nothing but the best,5,2026-07-01T16:04:59Z,Monzo,1052238659,ios,gb,en,7.32.1,,False,2026-08-26T07:01:38.480290Z,https://apps.apple.com/gb/app/id1052238659
50273957832d5d49470d9d41d626b748,It’s brilliant,Early pay,5,2026-07-01T15:26:29Z,Monzo,1052238659,ios,gb,en,7.32.1,,False,2026-08-26T07:01:38.480290Z,https://apps.apple.com/gb/app/id1052238659
3db0d1327d6a9979ed541e25bf8662b8,Best bank Iv ever used,Monzo,5,2026-07-01T15:01:10Z,Monzo,1052238659,ios,gb,en,7.32.1,,False,2026-08-26T07:01:38.480290Z,https://apps.apple.com/gb/app/id1052238659
95541b44ae0a73ccedfb0770f6933578,"I’ve had a beer ok, but Monzo is the best for splitting payments easily when out with friends. Don’t mess about, get Monzo.",Incredible...,5,2026-07-01T13:23:34Z,Monzo,1052238659,ios,gb,en,7.32.1,,False,2026-08-26T07:01:38.480290Z,https://apps.apple.com/gb/app/id1052238659
919753926f155cfac07c9e0d66c3373c,Love this for traveling and sharing bill,Holiday,5,2026-06-30T20:34:45Z,Monzo,1052238659,ios,gb,en,7.32.1,,False,2026-08-26T07:01:38.480290Z,https://apps.apple.com/gb/app/id1052238659
9d2920c8813448ba862f51a0b4311504,Worst bank ever they just cancelled my account for no reason,Monzo,1,2026-06-30T16:31:48Z,Monzo,1052238659,ios,gb,en,7.32.1,,False,2026-08-26T07:01:38.480290Z,https://apps.apple.com/gb/app/id1052238659
2675c8823ea1b993482e78f5a44e6a27,Good,Easy,5,2026-06-30T16:01:21Z,Monzo,1052238659,ios,gb,en,7.32.1,,False,2026-08-26T07:01:38.480290Z,https://apps.apple.com/gb/app/id1052238659
fb8853310153e634afe5b08cb79646c6,I’ve been with Monzo from the beginning. It’s mint!,The best,5,2026-06-30T15:56:27Z,Monzo,1052238659,ios,gb,en,7.32.1,,False,2026-08-26T07:01:38.480290Z,https://apps.apple.com/gb/app/id1052238659
6bf21bf678c09e28e66d7d752a9e93f1,The best bank what I was,Bank,5,2026-06-30T15:29:31Z,Monzo,1052238659,ios,gb,en,7.32.1,,False,2026-08-26T07:01:38.480290Z,https://apps.apple.com/gb/app/id1052238659
1a7b53bf0c9971b76d75884b78d1116a,Great bank with business or personal accounts highly recommend,Monzo,5,2026-06-30T15:15:47Z,Monzo,1052238659,ios,gb,en,7.32.1,,False,2026-08-26T07:01:38.480290Z,https://apps.apple.com/gb/app/id1052238659
29cb397d7bb60a84663d6de6e3839beb,The bank ever,The best,5,2026-06-30T15:03:00Z,Monzo,1052238659,ios,gb,en,7.32.1,,False,2026-08-26T07:01:38.480290Z,https://apps.apple.com/gb/app/id1052238659
a07c2b73bfd25eebb4a7c3a6bfb55607,won’t even let me set up an account and won’t tell me why!,unable to create an account,1,2026-06-29T21:15:28Z,Monzo,1052238659,ios,gb,en,7.32.1,,False,2026-08-26T07:01:38.480290Z,https://apps.apple.com/gb/app/id1052238659
40c165fea810775f18cbc9c6de3a9ea7,Monzo is the best,Jamal,5,2026-06-29T18:58:59Z,Monzo,1052238659,ios,gb,en,7.32.1,,False,2026-08-26T07:01:38.480290Z,https://apps.apple.com/gb/app/id1052238659
a9f0fec3eb0a637c4ada784ef29e33ec,The most reliable app on my phone that looks after my finances. 👍🏽,The Best Bank,5,2026-06-29T17:19:32Z,Monzo,1052238659,ios,gb,en,7.32.1,,False,2026-08-26T07:01:38.480290Z,https://apps.apple.com/gb/app/id1052238659
613b584488b409cc7c45f750cf510131,Simple easy helpful and supportive,Love Monzo,5,2026-06-29T16:45:04Z,Monzo,1052238659,ios,gb,en,7.32.1,,False,2026-08-26T07:01:38.480290Z,https://apps.apple.com/gb/app/id1052238659
dd2bf50c4089b91c031b4d719954bb62,"I have used this bank since 2019 and have not looked back. It is so easy and convenient to have all of my savings accounts, separate pots for different occasions, and credit card in one app. It notifies me when I am about to go over a limit or won’t have enough in for a payment which is great. I can send money just using a link! Honestly just so great and I recommend it to everyone I know!",Everything you need in a bank,5,2026-06-29T16:28:41Z,Monzo,1052238659,ios,gb,en,7.32.1,,False,2026-08-26T07:01:38.480290Z,https://apps.apple.com/gb/app/id1052238659
d196db0f7a0c754df5a4dcf8818747d8,So easy to use,Easy banking,5,2026-06-29T15:57:52Z,Monzo,1052238659,ios,gb,en,7.32.1,,False,2026-08-26T07:01:38.480290Z,https://apps.apple.com/gb/app/id1052238659
3ca7e8c8ebce15cbba5f29d56a85e58f,It’s very easy to use and reliable.,Easy to use and reliable,5,2026-06-29T15:53:02Z,Monzo,1052238659,ios,gb,en,7.32.1,,False,2026-08-26T07:01:38.480290Z,https://apps.apple.com/gb/app/id1052238659
eea2b0ccb6742790540b502426bca636,Easy to navigate,Great bank,5,2026-06-29T15:37:54Z,Monzo,1052238659,ios,gb,en,7.32.1,,False,2026-08-26T07:01:38.480290Z,https://apps.apple.com/gb/app/id1052238659
234d58db459551df57d4dba99218e017,"Excellent banking, it been great banking with you Monzo",Honest review,5,2026-06-29T15:29:24Z,Monzo,1052238659,ios,gb,en,7.32.1,,False,2026-08-26T07:01:38.480290Z,https://apps.apple.com/gb/app/id1052238659
93adb9af6619c66451c56be0a43685bc,"Easy to use, really clear on spend, updates immediately! Thank you",Best bank,5,2026-06-29T15:29:21Z,Monzo,1052238659,ios,gb,en,7.32.1,,False,2026-08-26T07:01:38.480290Z,https://apps.apple.com/gb/app/id1052238659
861438e17bebae48cc7ff33ddc269d70,Shocking customer service,Terrible,1,2026-06-29T03:07:22Z,Monzo,1052238659,ios,gb,en,7.32.1,,False,2026-08-26T07:01:38.480290Z,https://apps.apple.com/gb/app/id1052238659
5450b59fb3b5197a2864b24b880010b6,From organising money in pots to paying someone it’s so easy! Everything is so simple and clear. Monzo even blocked a payment because it wasn’t familiar and it saved me from fraud and they sent a new card straight away for FREE! What an amazing company. Very considerate and easy to use bank. Thanks so much!,Brilliant Bank,5,2026-06-28T20:19:15Z,Monzo,1052238659,ios,gb,en,7.32.1,,False,2026-08-26T07:01:38.480290Z,https://apps.apple.com/gb/app/id1052238659
b3fa262f0417cb582aac5241adb125d5,I’ve been with Monzo since 2020 and they have been excellent since then with customer service and new updates .,Best bank I’ve used,5,2026-06-28T12:40:48Z,Monzo,1052238659,ios,gb,en,7.32.1,,False,2026-08-26T07:01:38.480290Z,https://apps.apple.com/gb/app/id1052238659
634736cb124f6f47baf9aa93bb20ce45,"Promising, and bill splitting and running split features are great, but I hate logging into my banking app and being nagged by a permanent advert to “Upgrade” on the Home Screen. I’ve found customer service incredibly slow via live chat and email generally unhelpful. Needs to add capability to split incoming transactions (e.g. refunds, cashback) or add them to a running split. Surprised that some basic features are paywalled.","Okay, bit disappointed",2,2026-06-28T12:34:06Z,Monzo,1052238659,ios,gb,en,7.32.1,,False,2026-08-26T07:01:38.480290Z,https://apps.apple.com/gb/app/id1052238659
480f5e70bca24a92303ae5737665f7f2,Very good,Monzo,5,2026-06-28T10:50:05Z,Monzo,1052238659,ios,gb,en,7.32.1,,False,2026-08-26T07:01:38.480290Z,https://apps.apple.com/gb/app/id1052238659
2b1c411ba4b1e3f26e6c025bb2f898e7,Easiest and best bank account I’ve ever had!,Love Monzo,5,2026-06-27T14:46:41Z,Monzo,1052238659,ios,gb,en,7.32.1,,False,2026-08-26T07:01:38.480290Z,https://apps.apple.com/gb/app/id1052238659
a7a4f78f177a27de523ae5996a1b73bb,"It’s easy to understand and use, no complaints x",Banking easy,5,2026-06-26T17:55:49Z,Monzo,1052238659,ios,gb,en,7.32.0,,False,2026-08-26T07:01:38.480290Z,https://apps.apple.com/gb/app/id1052238659
a881400ad36179406dd09fa4caca4bd0,Excellent,Excellent,5,2026-06-26T17:31:31Z,Monzo,1052238659,ios,gb,en,7.32.0,,False,2026-08-26T07:01:38.480290Z,https://apps.apple.com/gb/app/id1052238659
9c39a4ca47cfa50d4da1173b0ea1dc6c,"I was scammed and contacted the customer support for help with this as usually I would let it slide but being on maternity leave I needed all the money I have! I was reassured at first and told my refund had been investigated and was successful, half an hour passed and I received a message again saying it was a system error and they needed that money back, don’t bank with Monzo they are just as bad as the scammers themselves in my opinion!",They promise you a refund due to a scam and scam you of reassurance🙄,1,2026-06-26T17:04:19Z,Monzo,1052238659,ios,gb,en,7.32.0,,False,2026-08-26T07:01:38.480290Z,https://apps.apple.com/gb/app/id1052238659
2b361b77369684a832556705cf229073,Good,Good,5,2026-06-26T16:19:15Z,Monzo,1052238659,ios,gb,en,7.32.0,,False,2026-08-26T07:01:38.480290Z,https://apps.apple.com/gb/app/id1052238659
00835c8b316e7f536420296fda9d8c0a,Just so easy to use,Steve,5,2026-06-26T16:04:44Z,Monzo,1052238659,ios,gb,en,7.32.0,,False,2026-08-26T07:01:38.480290Z,https://apps.apple.com/gb/app/id1052238659
7484171886ea59e567e2bd2d43722432,Amazing bank,Es,5,2026-06-26T15:29:53Z,Monzo,1052238659,ios,gb,en,7.32.0,,False,2026-08-26T07:01:38.480290Z,https://apps.apple.com/gb/app/id1052238659
c0115cbd593c920825c2f620695b62f1,"Great app, great bank, all round fantastic. Can’t complain!",Great!,5,2026-06-25T20:20:14Z,Monzo,1052238659,ios,gb,en,7.32.0,,False,2026-08-26T07:01:38.480290Z,https://apps.apple.com/gb/app/id1052238659
b54fe72d021d60cf74b8aec366fbb330,"Excellent, Love it",Review,5,2026-06-25T19:32:30Z,Monzo,1052238659,ios,gb,en,7.32.0,,False,2026-08-26T07:01:38.480290Z,https://apps.apple.com/gb/app/id1052238659
ab22c0e17397541a8c195233434d02c4,Excellent,Excellent,5,2026-06-25T19:27:44Z,Monzo,1052238659,ios,gb,en,7.32.0,,False,2026-08-26T07:01:38.480290Z,https://apps.apple.com/gb/app/id1052238659
b93ed4666822d77a60baeffbd5c69069,Excellent service,Mr ishaq,5,2026-06-25T19:26:49Z,Monzo,1052238659,ios,gb,en,7.32.0,,False,2026-08-26T07:01:38.480290Z,https://apps.apple.com/gb/app/id1052238659
587485bcadb4caaeae993459c9bf9c15,Monzo is best,Best,5,2026-06-25T19:16:49Z,Monzo,1052238659,ios,gb,en,7.32.0,,False,2026-08-26T07:01:38.480290Z,https://apps.apple.com/gb/app/id1052238659
0f6374715071a42cb05b88d20c679e16,A human bank at last that listen to customers and help,Best Bank,5,2026-06-25T17:24:19Z,Monzo,1052238659,ios,gb,en,7.32.0,,False,2026-08-26T07:01:38.480290Z,https://apps.apple.com/gb/app/id1052238659
35d3d468c04aaab3da979f31149aca37,5*,5*,5,2026-06-25T17:01:37Z,Monzo,1052238659,ios,gb,en,7.32.0,,False,2026-08-26T07:01:38.480290Z,https://apps.apple.com/gb/app/id1052238659
b65b3d9732f12f480989df85cc181efe,I absolutely love the fact that you can have your wages a day early.,Roy,5,2026-06-25T16:42:26Z,Monzo,1052238659,ios,gb,en,7.32.0,,False,2026-08-26T07:01:38.480290Z,https://apps.apple.com/gb/app/id1052238659
2e04ec78a4031ac9bd18237127799524,Best bank ever!,Best bank,5,2026-06-25T16:30:07Z,Monzo,1052238659,ios,gb,en,7.32.0,,False,2026-08-26T07:01:38.480290Z,https://apps.apple.com/gb/app/id1052238659
3e81dc4be94b0c4756b7d07a2d02e7ae,Happy customer,5 star,5,2026-06-25T16:19:24Z,Monzo,1052238659,ios,gb,en,7.32.0,,False,2026-08-26T07:01:38.480290Z,https://apps.apple.com/gb/app/id1052238659
2eeafbdce2a9aec8a1fbf4cfa4ba0ee3,Monzo is better than anyone,Fantastic,5,2026-06-25T16:00:38Z,Monzo,1052238659,ios,gb,en,7.32.0,,False,2026-08-26T07:01:38.480290Z,https://apps.apple.com/gb/app/id1052238659
aaee48df8ff41d3768b7df476b0a0da4,Monzo makes a structure for my complicated money trends. Great organising tools and a great app which is easy to navigate and use.,Best banking,5,2026-06-24T20:11:51Z,Monzo,1052238659,ios,gb,en,7.31.0,,False,2026-08-26T07:01:38.480290Z,https://apps.apple.com/gb/app/id1052238659
b266250ee86c7f096356e5ae3de4b786,Great app,Amazing,5,2026-06-24T18:44:14Z,Monzo,1052238659,ios,gb,en,7.31.0,,False,2026-08-26T07:01:38.480290Z,https://apps.apple.com/gb/app/id1052238659
ade8cfbd9e9c6d557170b8b7456d9cf8,I love using Monzo. I feel safe using the app and it is so easy to navigate.,User friendly,5,2026-06-24T17:55:50Z,Monzo,1052238659,ios,gb,en,7.31.0,,False,2026-08-26T07:01:38.480290Z,https://apps.apple.com/gb/app/id1052238659
4e32985d59264fda81d041c96fc51ffd,just the day earlier all the difference in the world and so easy and so quick thank you very much,early payday,5,2026-06-24T17:04:25Z,Monzo,1052238659,ios,gb,en,7.31.0,,False,2026-08-26T07:01:38.480290Z,https://apps.apple.com/gb/app/id1052238659
b3c2559c22ba1df688cfd11bb65b9967,"Reliable, innovative and intuitive.",Great Bank,5,2026-06-24T17:01:08Z,Monzo,1052238659,ios,gb,en,7.31.0,,False,2026-08-26T07:01:38.480290Z,https://apps.apple.com/gb/app/id1052238659
0dec480cdad748bcfee4f6bf72c78a7d,Moved to Monzo after over 40 years with Lloyds. Much more modern app and I personally think it’s better suited to today’s tech savvy younger generation... and us oldies 😁,Monzo Banking App,5,2026-06-24T16:31:43Z,Monzo,1052238659,ios,gb,en,7.31.0,,False,2026-08-26T07:01:38.480290Z,https://apps.apple.com/gb/app/id1052238659
d9e9bd84356101295bd7f08f792a38e4,"I’ve been using Monzo for some time now and it has completely changed the way I manage my money. The app is easy to use, payments are instant, and spending notifications appear straight away which makes it much easier to keep track of my finances. Features such as Pots, budgeting tools, virtual cards and fee-free spending abroad are extremely useful. Opening the account was quick and straightforward, and whenever I’ve needed assistance, customer support has been helpful and professional. The app is reliable, modern and packed with features that many traditional banks still don’t offer. My salary is paid directly into Monzo and I use it every day without any issues. Highly recommended to anyone looking for a simple, innovative and customer-focused bank. ⭐⭐⭐⭐⭐",Excellent Banking App and Customer Service,5,2026-06-24T16:05:05Z,Monzo,1052238659,ios,gb,en,7.31.0,,False,2026-08-26T07:01:38.480290Z,https://apps.apple.com/gb/app/id1052238659
616876fa6beb7c7c676cbcf8be7ef3f1,Their chat helpers are not helpful at all,1 star review,1,2026-06-23T19:53:12Z,Monzo,1052238659,ios,gb,en,7.31.0,,False,2026-08-26T07:01:38.480290Z,https://apps.apple.com/gb/app/id1052238659
26ee3f335c65d2de9f8e43de1acbf55d,Really safe and easy banking,Easy banking,5,2026-06-23T16:42:43Z,Monzo,1052238659,ios,gb,en,7.31.0,,False,2026-08-26T07:01:38.480290Z,https://apps.apple.com/gb/app/id1052238659
74e2fe7366091f9d9e35b9190908a352,"I absolutely adore Monzo, the app is SO easy to use. The perks of being a Monzo customer are endless",Best Bank Ever!!!,5,2026-06-23T15:46:06Z,Monzo,1052238659,ios,gb,en,7.31.0,,False,2026-08-26T07:01:38.480290Z,https://apps.apple.com/gb/app/id1052238659
a579fd59d12b836e26578faef17769d4,Staff are great the acount is fantastic PAYMENT A DAY EARLY best featur u have not happy about Three network taken £56 out bank wen I cancelled contract and did not no they were collecting after explaining to Monzo put a complent in under direct debit garentea they did not up hold it so thinking on moving banks for that reason !!!!!!,Best Bank I have had,5,2026-06-23T15:18:10Z,Monzo,1052238659,ios,gb,en,7.31.0,,False,2026-08-26T07:01:38.480290Z,https://apps.apple.com/gb/app/id1052238659
9de0a5a35e63337b140b7415ae681188,I love the features on f the app.,Brilliant,5,2026-06-23T15:06:17Z,Monzo,1052238659,ios,gb,en,7.31.0,,False,2026-08-26T07:01:38.480290Z,https://apps.apple.com/gb/app/id1052238659
cc2cf78e56fa3e707778727e797153da,"When I try to sign in and put my birthdate in, it says u have to 16, but It says monzo can be for under 16s aswell, so I can’t sign in",My review,2,2026-06-23T14:28:11Z,Monzo,1052238659,ios,gb,en,7.31.0,,False,2026-08-26T07:01:38.480290Z,https://apps.apple.com/gb/app/id1052238659
a1f35fd3ab4fd58dbfb5bec83e64a18b,"The second all my money is out of my Monzo I’m closing my account. I can’t be logged in on my iPad and my phone at the same time and it won’t send the emails to login. I’ve been sitting here for nearly 20 minutes trying to check my balance. I can’t get into my account. If Monzo have set it up so you can’t be logged into both then they should make sure those emails get delivered asap. This is ridiculous, and they are not in my spam folder either.",I’m changing bank,2,2026-06-23T12:25:22Z,Monzo,1052238659,ios,gb,en,7.31.0,,False,2026-08-26T07:01:38.480290Z,https://apps.apple.com/gb/app/id1052238659
295f9b9727a462f1d8b446b1d437961b,"I’ve been banking with Monzo for a while now, and recently I went through a stressful situation where my account was being considered for closure. I raised a complaint because I genuinely felt there had been a misunderstanding, and I was impressed by how professionally and fairly Monzo handled the matter. After reviewing everything, they decided to keep my account open and even awarded me £250 in compensation for the inconvenience and distress caused. That level of customer care is rare and shows they genuinely listen to their customers rather than treating them like a number. Beyond that experience, Monzo has been one of the best banks I’ve ever used. The features make managing money incredibly easy: • Get paid up to a day early when your salary is due. • Savings Pots help you organise money for different goals. • Savings Challenges make saving more engaging and motivating. • Cashback offers help you earn money back on everyday spending. • Monzo Perks and Extra provide valuable benefits and additional features. • Instant spending notifications keep you in complete control of your finances. • Budgeting tools make it easy to track where every penny goes. The app is simple, modern, and reliable, and the customer service has always been responsive whenever I’ve needed help. My recent experience proved to me that Monzo is a bank that values its customers and is willing to put things right when mistakes happen. I couldn’t be happier with the outcome and would highly recommend Monzo to anyone looking for a bank that combines excellent technology with genuine customer care.",⭐⭐⭐⭐⭐ Outstanding Customer Service from Monzo!,5,2026-06-23T12:23:00Z,Monzo,1052238659,ios,gb,en,7.31.0,,False,2026-08-26T07:01:38.480290Z,https://apps.apple.com/gb/app/id1052238659
42f0ba233b50f17f13e6c83951195a4c,Rascit rats won’t let me make an account because I’m brown,Rascim,1,2026-06-23T11:14:38Z,Monzo,1052238659,ios,gb,en,7.31.0,,False,2026-08-26T07:01:38.480290Z,https://apps.apple.com/gb/app/id1052238659
dc6a64e58a28584051e756a9e25aaf44,Quite simply one of the best banks to date. Any time I’ve had an issues with previous banks to do with my own money. They make me jump through hoops! Monzo on the other hand just knows exactly what they are doing. So easy to set up yet so secure. Honestly any time I have had problem with my account. I contact them and within hours the issue is resolved. Yet any other bank makes you wait days/weeks just for a simple fix.,Best bank out there,5,2026-06-23T09:08:58Z,Monzo,1052238659,ios,gb,en,7.31.0,,False,2026-08-26T07:01:38.480290Z,https://apps.apple.com/gb/app/id1052238659
1212f4c60b6364a80c956d92aa0ff7ce,Lots of developments over the years. Being able to create various pots without a subscription is great as it makes budgeting so much easier! Much better with money transfers paychecks and getting help as it is all online. My nr card for European travel due to the exchange rate being the master card one with no hidden fees! :),"Great, constant improvement.",5,2026-06-22T17:24:21Z,Monzo,1052238659,ios,gb,en,7.31.0,,False,2026-08-26T07:01:38.480290Z,https://apps.apple.com/gb/app/id1052238659
3f9c7febf5e231023d58d16536200f5e,Lots of perks. A true fin tech that makes life easier,G,5,2026-06-22T16:17:23Z,Monzo,1052238659,ios,gb,en,7.31.0,,False,2026-08-26T07:01:38.480290Z,https://apps.apple.com/gb/app/id1052238659
ec6cc5ab40ba8a3e8211f81483fec7f5,Great accounts! I have 3 best bank I’ve been with,Bank accounts,5,2026-06-22T15:50:15Z,Monzo,1052238659,ios,gb,en,7.31.0,,False,2026-08-26T07:01:38.480290Z,https://apps.apple.com/gb/app/id1052238659
b103df9b21fd5122f8ca580470e0bb0e,Such an amazing bank best by far !!,Best,5,2026-06-22T15:28:55Z,Monzo,1052238659,ios,gb,en,7.31.0,,False,2026-08-26T07:01:38.480290Z,https://apps.apple.com/gb/app/id1052238659
d8b1c556a3c52aafd08f486aeb2a3675,"I have been using Monzo for 6 years now and I haven’t used any other bank ever since. Its easy, efficient, makes my life easier. Highly recommend",Great bank,5,2026-06-22T15:27:27Z,Monzo,1052238659,ios,gb,en,7.31.0,,False,2026-08-26T07:01:38.480290Z,https://apps.apple.com/gb/app/id1052238659
5459d35a958717b51b4c5499ac21020c,I enjoy using the banking features on the app. It’s makes managing and using my money more convenient. Would recommend!,Great banking app,5,2026-06-22T15:17:28Z,Monzo,1052238659,ios,gb,en,7.31.0,,False,2026-08-26T07:01:38.480290Z,https://apps.apple.com/gb/app/id1052238659
69b500f1a53755d1d784a8cb429ddc8f,"Your competition has up to 5 virtual cards for free. Stop putting yours behind a paywall. At worst, give one for free. It’s only thing stopping me going full monzo and using Starling or Revolut as a full bank. Do better please.",Good but 1 star until,1,2026-06-21T23:48:29Z,Monzo,1052238659,ios,gb,en,7.31.0,,False,2026-08-26T07:01:38.480290Z,https://apps.apple.com/gb/app/id1052238659
838a21b1b1ba4efbecda4a22bb23dabe,keep rejecting my application to create an account,Useless,1,2026-06-20T16:59:03Z,Monzo,1052238659,ios,gb,en,7.31.0,,False,2026-08-26T07:01:38.480290Z,https://apps.apple.com/gb/app/id1052238659
472cd96d28273165bd3e15caedb0b855,Fantastic,Monzo,5,2026-06-19T16:08:11Z,Monzo,1052238659,ios,gb,en,7.31.0,,False,2026-08-26T07:01:38.480290Z,https://apps.apple.com/gb/app/id1052238659
37fa35a6a3eb664287e02ef38df09dd6,The best banking app and service there is.,Brilliant!,5,2026-06-19T16:02:36Z,Monzo,1052238659,ios,gb,en,7.31.0,,False,2026-08-26T07:01:38.480290Z,https://apps.apple.com/gb/app/id1052238659
7287327eca3ff99a9c64b936d9311b0d,Easy to use; has great functionality. Definitely recommend the app and bank.,Simple banking app,5,2026-06-19T15:45:26Z,Monzo,1052238659,ios,gb,en,7.31.0,,False,2026-08-26T07:01:38.480290Z,https://apps.apple.com/gb/app/id1052238659
d1d02834f0757b7d1c16895e11b14245,Monzo is a great banking app,Monzo,5,2026-06-19T15:35:37Z,Monzo,1052238659,ios,gb,en,7.31.0,,False,2026-08-26T07:01:38.480290Z,https://apps.apple.com/gb/app/id1052238659
f86ddca32fc7bb387c904c6871b4aa4b,When I got the app I was asked to pay for subscription I didn’t want them when I completed all payments for it and accepted my first payment of £750 my account was removed and the money hasn’t been returned.,Theft,1,2026-06-19T14:31:01Z,Monzo,1052238659,ios,gb,en,7.31.0,,False,2026-08-26T07:01:38.480290Z,https://apps.apple.com/gb/app/id1052238659
27ddc904af86f58dbe68f9a355c98888,"Best bank I’ve been with by a long shot. Just so much to do on the app, never any problems with payments or sending money. Can also get your income a day early if you like. 5 stars 🌟 all day , everyday.",Monzo,5,2026-06-19T04:53:20Z,Monzo,1052238659,ios,gb,en,7.30.0,,False,2026-08-26T07:01:38.480290Z,https://apps.apple.com/gb/app/id1052238659
b18dc451fad7dbeb70ae5de8a11a0d99,"Monzo makes banking simple and convenient. The app is easy to navigate, transactions appear instantly, and budgeting tools help me stay on top of my finances. Features like spending notifications, savings pots, and fee-free card management are very useful. Customer support has been responsive whenever I’ve needed help. Overall, it’s a reliable and user-friendly banking app for both personal and business banking.",Excellent Mobile Banking Experience,5,2026-06-18T19:51:29Z,Monzo,1052238659,ios,gb,en,7.30.0,,False,2026-08-26T07:01:38.480290Z,https://apps.apple.com/gb/app/id1052238659
05068de025fee1635841e5e9cabeb224,Fantastic,Amazing,5,2026-06-18T18:56:54Z,Monzo,1052238659,ios,gb,en,7.30.0,,False,2026-08-26T07:01:38.480290Z,https://apps.apple.com/gb/app/id1052238659
d8a7df8db0235397c0e972f8c0028253,I give Monzo 5 star,I love Monzo,5,2026-06-18T18:15:44Z,Monzo,1052238659,ios,gb,en,7.30.0,,False,2026-08-26T07:01:38.480290Z,https://apps.apple.com/gb/app/id1052238659
1211b2f4843ed9aee0c0d22212d7b48b,Monzo change my mind to plan finance,I love monzo,5,2026-06-18T16:46:56Z,Monzo,1052238659,ios,gb,en,7.30.0,,False,2026-08-26T07:01:38.480290Z,https://apps.apple.com/gb/app/id1052238659
72be675ec0bf2a5311cb7e09a763c49f,Fabulous 🤓,Love Monzo Bank,5,2026-06-18T16:02:07Z,Monzo,1052238659,ios,gb,en,7.30.0,,False,2026-08-26T07:01:38.480290Z,https://apps.apple.com/gb/app/id1052238659
a21dc3595ac217492154cbba39ed9b21,Always Monzo is amazing,Sneha Koona,5,2026-06-18T15:57:02Z,Monzo,1052238659,ios,gb,en,7.30.0,,False,2026-08-26T07:01:38.480290Z,https://apps.apple.com/gb/app/id1052238659
4d8437a05b925b338f00715c6b0e697b,Very easy to use and recommended to family and friends,Mr,5,2026-06-18T15:55:51Z,Monzo,1052238659,ios,gb,en,7.30.0,,False,2026-08-26T07:01:38.480290Z,https://apps.apple.com/gb/app/id1052238659
cb47375037748792bf294e7972795ecb,I have been using them same bank since I started my business but after switching to MONZO it has made my business easier,Switching,4,2026-06-18T15:15:02Z,Monzo,1052238659,ios,gb,en,7.30.0,,False,2026-08-26T07:01:38.480290Z,https://apps.apple.com/gb/app/id1052238659
398bb518151912f81afbe982d4d97bb3,I am impressed with this service very efficient handy and helpful thank you Monzo you are becoming one of the best banks by far!!,Pay day early,5,2026-06-17T19:12:00Z,Monzo,1052238659,ios,gb,en,7.30.0,,False,2026-08-26T07:01:38.480290Z,https://apps.apple.com/gb/app/id1052238659
4546157243aaa50e0b8ecf05daf81e81,I find it a good banking app never had any issues with it,Love it,5,2026-06-17T16:45:13Z,Monzo,1052238659,ios,gb,en,7.30.0,,False,2026-08-26T07:01:38.480290Z,https://apps.apple.com/gb/app/id1052238659
c689a36d98cb66a64d78f3604790c3d1,Good banking,😊,5,2026-06-17T15:22:44Z,Monzo,1052238659,ios,gb,en,7.30.0,,False,2026-08-26T07:01:38.480290Z,https://apps.apple.com/gb/app/id1052238659
a78930ab91cefac7dde732f2cf51ba60,Got paid a day early! So easy to do - just click money pending and drag into wallet.,Delighted Monzo customer!,5,2026-06-17T15:12:01Z,Monzo,1052238659,ios,gb,en,7.30.0,,False,2026-08-26T07:01:38.480290Z,https://apps.apple.com/gb/app/id1052238659
1b3ad63433a31ff387c5bf80300ef750,"I use this for my business and it’s so easy to invoice. It sends a payment link and everything, it looks really professional. They update it too, if your other accounts are linked you can search all of the transactions from this app without having to log into the others. Sounds trivial but I have a lot of small transactions and it saves loads of time",Great Business Account,5,2026-06-16T18:42:37Z,Monzo,1052238659,ios,gb,en,7.30.0,,False,2026-08-26T07:01:38.480290Z,https://apps.apple.com/gb/app/id1052238659
802e757bd1e843ca5c8535026b88b3ea,I been trying to pay an invoice and monzo informed me that they closed my business account and my personal account. Very disappointed on their service.,Closing account for a payment,1,2026-06-16T18:06:11Z,Monzo,1052238659,ios,gb,en,7.30.0,,False,2026-08-26T07:01:38.480290Z,https://apps.apple.com/gb/app/id1052238659
3560f28f9758d0d9af535beb873aeb02,Very good service..no issue at all,Good service,5,2026-06-16T16:05:53Z,Monzo,1052238659,ios,gb,en,7.30.0,,False,2026-08-26T07:01:38.480290Z,https://apps.apple.com/gb/app/id1052238659
cf9ecf288c507f6276368d81878f26ea,Amazing best banking service,Mr Mohid,5,2026-06-16T15:50:28Z,Monzo,1052238659,ios,gb,en,7.30.0,,False,2026-08-26T07:01:38.480290Z,https://apps.apple.com/gb/app/id1052238659
3666c376bc5b3686ed175fdc98c0c933,"It’s blocked instantly. I can see where my money is going (I am sick and have eye and brain issues) I also have ptsd and bills are a struggle. It was so hard on Barclays I closed it. My friend also moved address due to 💍 issues and they have been great for replacement cards. No harder than going to the actual bank.🏦 I was very impressed btw more from a health and social care perspective. Used to have a lot of issues in years gone by. Especially with the older generations. My nanny used to freak out at the pin machine for banking. (Ww2 engineer 👷‍♀️ and did the 36x tables for fun 🤩 so it isn’t an iq thing) She also couldn’t use a calculator. Or swim 🏊 as she never learned. But I’ve found the app easier to learn than even my old bank 🏦 Although the Cumberland were brilliant 🤩 when my mum had a scammer keep calling. And some people can’t use tech at all, my dad had dementia. And I did it all. He did like Monzo as I showed him the app. Colour contrasts are much easier when I am sick. So thanks: 🙏",My banking is much easier,5,2026-06-16T15:36:29Z,Monzo,1052238659,ios,gb,en,7.30.0,,False,2026-08-26T07:01:38.480290Z,https://apps.apple.com/gb/app/id1052238659
3f4220bbc9332d2ac65a542ff0f48127,"Never won anything in my life before so pleased over the moon, thank you, Monzo",Thank you so much X,5,2026-06-15T18:51:30Z,Monzo,1052238659,ios,gb,en,7.30.0,,False,2026-08-26T07:01:38.480290Z,https://apps.apple.com/gb/app/id1052238659
9c1acfd699cc0330b84b0c10df30d3cc,Very pleased,Transfer,5,2026-06-15T18:06:52Z,Monzo,1052238659,ios,gb,en,7.30.0,,False,2026-08-26T07:01:38.480290Z,https://apps.apple.com/gb/app/id1052238659
0ed028cf911aff6cc4859ce0161bfab9,"Overall, my experience with Monzo has been positive. However, I would strongly recommend adding an option that allows customers to automatically block suspicious or potentially fraudulent payments before they are processed. This would give users greater control over their accounts and provide an extra layer of protection against scams, especially in situations where fraudulent transactions may not be detected in time. A feature that lets customers set stricter payment controls or block high-risk transactions could significantly improve security and customer confidence.",Suggestion,5,2026-06-15T17:43:51Z,Monzo,1052238659,ios,gb,en,7.30.0,,False,2026-08-26T07:01:38.480290Z,https://apps.apple.com/gb/app/id1052238659
32eaf9ba339dbb896acde0c7c4c4afa3,Fantastic,Gino,5,2026-06-15T16:15:20Z,Monzo,1052238659,ios,gb,en,7.30.0,,False,2026-08-26T07:01:38.480290Z,https://apps.apple.com/gb/app/id1052238659
20f736664b00f0b98ec65ccbfcda972b,I love monzo it helps me sorting my money into pots so I can budget easily.,Mrs w Henderson,5,2026-06-15T15:28:22Z,Monzo,1052238659,ios,gb,en,7.30.0,,False,2026-08-26T07:01:38.480290Z,https://apps.apple.com/gb/app/id1052238659
8ba6787e1512142235031bb962995ff3,Love it so much it helps me save up money for things I have and it makes it easy for friends and family to give me money,Great for me as a kid,5,2026-06-15T06:25:54Z,Monzo,1052238659,ios,gb,en,7.30.0,,False,2026-08-26T07:01:38.480290Z,https://apps.apple.com/gb/app/id1052238659
d17d9ab95b424116815ea6ef666279ba,A bank like this is unrivalled throughout the world. You have clarity and an unbelievable user interface and experience. Everything is tidy and neatly organised. This helps you save and manage your many efficiently and effectively. I wouldn’t change this bank for any reasons!,Outstanding bank!,5,2026-06-15T01:31:33Z,Monzo,1052238659,ios,gb,en,7.30.0,,False,2026-08-26T07:01:38.480290Z,https://apps.apple.com/gb/app/id1052238659
866e596ec77b44dae33c1b3762c858dd,The worst app ever I would never ever ever get this it doesn’t work and is a huge waste of time I would never recommend not even to my worst enemy I hate it so much so don’t waste your time on it 🤬😡,Hate it,1,2026-06-14T13:17:13Z,Monzo,1052238659,ios,gb,en,7.30.0,,False,2026-08-26T07:01:38.480290Z,https://apps.apple.com/gb/app/id1052238659
ba60ea03b1f68dd95098cb8c6a22615e,Worse banking app customer service team doesn’t work properly and they flag your accounts and with hold your money from you with no reason there specialist team deals with situations and you have no way to talk with them this is the worst banking app I have ever seen blocking peoples cards and freezing there account’s with no valid reasoning The poorest customer service I have ever seen from a banking app,Worst banking app,1,2026-06-14T11:33:04Z,Monzo,1052238659,ios,gb,en,7.30.0,,False,2026-08-26T07:01:38.480290Z,https://apps.apple.com/gb/app/id1052238659
34153f220238752de58c62d952e374a9,Monzo are absolutely amazing they have helped me get money back when I have been charged wrong they have soughted it within an hour maximum. They also have great options for savings and ways to make controlling your spending so much easier would highly recommended to anyone.,Amazing,5,2026-06-13T21:41:02Z,Monzo,1052238659,ios,gb,en,7.30.0,,False,2026-08-26T07:01:38.480290Z,https://apps.apple.com/gb/app/id1052238659
2e8bb395344d1c23824f49e35c2ad257,"I had Monzo when I was 15 and at 16-17 they blocked my account and took £1,000 never got it back I’m now 19",Robbed my money,1,2026-06-13T15:01:31Z,Monzo,1052238659,ios,gb,en,7.30.0,,False,2026-08-26T07:01:38.480290Z,https://apps.apple.com/gb/app/id1052238659
6b463771ff013ca0abe853eb7ec18a11,"Had been with First Direct for about 15 years and thought they were the bomb, until their app suddenly just became a bit a pain. They didn’t seem that standout digital bank anymore. Used Monzo for a short trip abroad and have never looked back. It’s banking with balls. Weirdly for a banking app - I’m always in it! It’s great!",Bloomin awesome,5,2026-06-13T05:50:31Z,Monzo,1052238659,ios,gb,en,7.30.0,,False,2026-08-26T07:01:38.480290Z,https://apps.apple.com/gb/app/id1052238659
bf33f1af9059424617a94f617196710a,The is de best Bank ever for you money and you i trust %100 Monzo Bank You should trust too,Zbigniew dyszko,5,2026-06-13T00:39:13Z,Monzo,1052238659,ios,gb,en,7.30.0,,False,2026-08-26T07:01:38.480290Z,https://apps.apple.com/gb/app/id1052238659
eb15dc4db9550e9db7c8e05dc161ffdc,Great for budgeting and saving,The best,5,2026-06-12T19:23:16Z,Monzo,1052238659,ios,gb,en,7.30.0,,False,2026-08-26T07:01:38.480290Z,https://apps.apple.com/gb/app/id1052238659
690694796668061cd4b361389144f110,Super nice,Πολύ καλό,5,2026-06-12T18:21:11Z,Monzo,1052238659,ios,gb,en,7.30.0,,False,2026-08-26T07:01:38.480290Z,https://apps.apple.com/gb/app/id1052238659
e7db32dd038b0543259207146d765c75,Love it,Brilliant,5,2026-06-12T17:33:02Z,Monzo,1052238659,ios,gb,en,7.30.0,,False,2026-08-26T07:01:38.480290Z,https://apps.apple.com/gb/app/id1052238659
c726707e720b9161b936afae8fe6bc87,Love the fact that I can get my money early. Pots are brilliant. And it’s so easy to use.,Awesome,5,2026-06-12T17:04:18Z,Monzo,1052238659,ios,gb,en,7.30.0,,False,2026-08-26T07:01:38.480290Z,https://apps.apple.com/gb/app/id1052238659
da7eb62dc04a5ce40a48a7723e29abad,Always supported great bank,Best bank ever,5,2026-06-12T15:59:32Z,Monzo,1052238659,ios,gb,en,7.30.0,,False,2026-08-26T07:01:38.480290Z,https://apps.apple.com/gb/app/id1052238659
b92c78cc04f124f9063f7ef7fbd90502,5 ⭐️⭐️⭐️⭐️⭐️,The best,5,2026-06-11T23:07:41Z,Monzo,1052238659,ios,gb,en,7.30.0,,False,2026-08-26T07:01:38.480290Z,https://apps.apple.com/gb/app/id1052238659
a4d052662e779d1388c19e43cba30ada,Best,Best,5,2026-06-11T21:30:56Z,Monzo,1052238659,ios,gb,en,7.30.0,,False,2026-08-26T07:01:38.480290Z,https://apps.apple.com/gb/app/id1052238659
54c96a4a3e4510979afd0af4c7ac5df3,Thank you for a bank that actually makes me feel valued as a customer.,Value,5,2026-06-11T19:33:27Z,Monzo,1052238659,ios,gb,en,7.30.0,,False,2026-08-26T07:01:38.480290Z,https://apps.apple.com/gb/app/id1052238659
fe9f3b55e99362c31499d792ab86e096,"banking apps need reliability, if you have no means to contact this bank outside of the app, it should work extremely well. its a bank not a recipe app. :).",great when it works,1,2026-06-11T18:35:18Z,Monzo,1052238659,ios,gb,en,7.30.0,,False,2026-08-26T07:01:38.480290Z,https://apps.apple.com/gb/app/id1052238659
29248e8f5749a3a4876e8a0625123bd5,Love this bank so easy and up with the times .,Great bank,5,2026-06-11T18:20:31Z,Monzo,1052238659,ios,gb,en,7.30.0,,False,2026-08-26T07:01:38.480290Z,https://apps.apple.com/gb/app/id1052238659
6af5e8c6c6dbc3670c0bf4c4dcd1c63e,With Monzo you get lots of choice I’m so happy thank you,Happy,5,2026-06-11T18:19:46Z,Monzo,1052238659,ios,gb,en,7.30.0,,False,2026-08-26T07:01:38.480290Z,https://apps.apple.com/gb/app/id1052238659
85fe685192c698aae65666373cddc5e7,Quick service,Quick service,5,2026-06-11T17:37:52Z,Monzo,1052238659,ios,gb,en,7.30.0,,False,2026-08-26T07:01:38.480290Z,https://apps.apple.com/gb/app/id1052238659
816cc9e058292a6bc56a5652d7a957bf,Love you Monzo,The best,5,2026-06-11T17:13:12Z,Monzo,1052238659,ios,gb,en,7.30.0,,False,2026-08-26T07:01:38.480290Z,https://apps.apple.com/gb/app/id1052238659
a519b04fdfb744b59dd5564920e8bb7e,I receive 350£ and they blocked my account!!!!,BLOCKED ACCOUNT,5,2026-06-11T17:02:21Z,Monzo,1052238659,ios,gb,en,7.30.0,,False,2026-08-26T07:01:38.480290Z,https://apps.apple.com/gb/app/id1052238659
2a879fa0f21408b7e4ef72f1420ada33,Wont even let me make a account due to the security video just not working,Problems,1,2026-06-11T16:36:44Z,Monzo,1052238659,ios,gb,en,7.30.0,,False,2026-08-26T07:01:38.480290Z,https://apps.apple.com/gb/app/id1052238659
2dc745ad03e9a870dab52fd301ac9e8c,Great,Services,5,2026-06-11T16:24:57Z,Monzo,1052238659,ios,gb,en,7.30.0,,False,2026-08-26T07:01:38.480290Z,https://apps.apple.com/gb/app/id1052238659
87dce0b65cbc5029489324ec9e10d831,"Contry to above statement, im not necessarily blaming your side fully! But months and months now I’ve been struggling so bad in this department!!!! Money just keeps hemerraging and I don’t know how or where as I never really know my balance!! I know sounds silly",Unfortunately im not impressed!,5,2026-06-11T15:59:25Z,Monzo,1052238659,ios,gb,en,7.30.0,,False,2026-08-26T07:01:38.480290Z,https://apps.apple.com/gb/app/id1052238659
735c212c9f69a3360fd333a51fa70cff,Great bank,Love,5,2026-06-11T15:53:15Z,Monzo,1052238659,ios,gb,en,7.30.0,,False,2026-08-26T07:01:38.480290Z,https://apps.apple.com/gb/app/id1052238659
b78e9de4678392ef4f2937ca281c4bbe,I love Monzo and have been using this bank app for more than 4 years now and will use it all my life in UK,Mr,5,2026-06-11T15:40:23Z,Monzo,1052238659,ios,gb,en,7.30.0,,False,2026-08-26T07:01:38.480290Z,https://apps.apple.com/gb/app/id1052238659
0d1f7a3b8448b6dfdda2cbb4cc36f059,"Best bank app going. Tells you what’s due out, so is easy to forecast your monthly payments.",Monzo,5,2026-06-11T15:32:54Z,Monzo,1052238659,ios,gb,en,7.30.0,,False,2026-08-26T07:01:38.480290Z,https://apps.apple.com/gb/app/id1052238659
ca155db8e933dbbc81259e3bb7fa5d20,Good Bsnk,Yumi,5,2026-06-11T15:18:21Z,Monzo,1052238659,ios,gb,en,7.30.0,,False,2026-08-26T07:01:38.480290Z,https://apps.apple.com/gb/app/id1052238659
c36b7b5f462731a6826841e322447153,Brilliant,Monzo,5,2026-06-11T15:16:42Z,Monzo,1052238659,ios,gb,en,7.30.0,,False,2026-08-26T07:01:38.480290Z,https://apps.apple.com/gb/app/id1052238659
1b4f057228e972363a4a44258636cfc2,"I’ve always liked monzo they’ve always been ahead of the times with bill split, flex and other bonuses like doubling peoples salary and paying their bills. However their cashback offers, perks even home insurance discriminates geographically. Current as I’m banking in Northern Ireland almost none of their cashback offers apply to me as they’re retailers that don’t operate here. I also can’t get their home insurance as their database excludes NI etc. As they become a major UK bank they should service all of the UK not certain regions.",Ok but still discriminatory,3,2026-06-11T11:29:38Z,Monzo,1052238659,ios,gb,en,7.30.0,,False,2026-08-26T07:01:38.480290Z,https://apps.apple.com/gb/app/id1052238659
197cc0d749319db16639486bf84f0465,"I recently got this account about a week ago and it’s been life saving I get to see whay moneh I have and save it and spend it on anything I like, nothing else to be said perfect",WOW,5,2026-06-10T16:47:14Z,Monzo,1052238659,ios,gb,en,7.29.0,,False,2026-08-26T07:01:38.480290Z,https://apps.apple.com/gb/app/id1052238659
915c0297ee697b6499dc94c68877666a,I feel safe saving with Monzo because my Monzo is very reliable. There are no charges or delays in transfers.,Monzo is reliable,5,2026-06-10T16:03:11Z,Monzo,1052238659,ios,gb,en,7.29.0,,False,2026-08-26T07:01:38.480290Z,https://apps.apple.com/gb/app/id1052238659
962832cedf707c0e60ab9dea312d2ea7,5⭐️ app and service. Best bank without a doubt,10/10,5,2026-06-10T11:05:03Z,Monzo,1052238659,ios,gb,en,7.29.0,,False,2026-08-26T07:01:38.480290Z,https://apps.apple.com/gb/app/id1052238659
8bd15610b4a83f7b84030639fc777391,"The monzo apo is really unreliable. i havent received any of the promised money from refering new users, I tried to contact support but its not helpfull at all and instead feels like its all ai generated",I havent received any money when refering 2 friends when it states i get the same reward as them,1,2026-06-10T07:48:21Z,Monzo,1052238659,ios,gb,en,7.29.0,,False,2026-08-26T07:01:38.480290Z,https://apps.apple.com/gb/app/id1052238659
3ce5c2301f62fcd51cb0a9035039b019,The best bank in Uk Very reliable and fast Monzo has changed my finances for the best,"Excellent Banking,fast and reliable service.The best in banking in UK",5,2026-06-09T16:28:10Z,Monzo,1052238659,ios,gb,en,7.29.0,,False,2026-08-26T07:01:38.480290Z,https://apps.apple.com/gb/app/id1052238659
7d4342362bedf93aff00777dd0f75130,Excellent service,Amazing,5,2026-06-09T15:54:07Z,Monzo,1052238659,ios,gb,en,7.29.0,,False,2026-08-26T07:01:38.480290Z,https://apps.apple.com/gb/app/id1052238659
78b68d30fffb0569f9bc48fc3a539167,Never had any issues with this account me and my children bank with Monzo and love it,Best Iv bank with,5,2026-06-09T15:23:29Z,Monzo,1052238659,ios,gb,en,7.29.0,,False,2026-08-26T07:01:38.480290Z,https://apps.apple.com/gb/app/id1052238659
f80537a4ae14b3f6d3215b3843a0c0f0,Never had any issues with the app and works reliably,Great app,5,2026-06-08T19:22:54Z,Monzo,1052238659,ios,gb,en,7.29.0,,False,2026-08-26T07:01:38.480290Z,https://apps.apple.com/gb/app/id1052238659
6b232a49e4ffcc7a71ccd860b703b29c,"I cannot recommend Monzo based on my experience. !!!!! My account has been under review since 5 June. The app states reviews usually take between 3 hours and 2 days, but my account remains inaccessible beyond that timeframe. I rely on access to my funds for business and personal expenses, and the lack of updates has been extremely frustrating. I would appreciate clearer communication and more accurate time estimates.",Absurd Banking system,1,2026-06-08T11:20:01Z,Monzo,1052238659,ios,gb,en,7.29.0,,False,2026-08-26T07:01:38.480290Z,https://apps.apple.com/gb/app/id1052238659
d6b1daff3119b3a45702ab5302928c92,Best bank Ever,Great,5,2026-06-07T16:25:47Z,Monzo,1052238659,ios,gb,en,7.29.0,,False,2026-08-26T07:01:38.480290Z,https://apps.apple.com/gb/app/id1052238659
9cedee67a4f66671fe07f3abede60ab9,Beer,Beer,5,2026-06-07T13:55:55Z,Monzo,1052238659,ios,gb,en,7.29.0,,False,2026-08-26T07:01:38.480290Z,https://apps.apple.com/gb/app/id1052238659
709eade9d11305f989ccbd395700b5df,"Monzo has been my first bank at thirteen, and hopefully my last! It’s easy to navigate and makes me feel in control of my money. Definitely recommend for teens & people using banks for the first time :)",:),5,2026-06-06T11:06:18Z,Monzo,1052238659,ios,gb,en,7.29.0,,False,2026-08-26T07:01:38.480290Z,https://apps.apple.com/gb/app/id1052238659
a78fa45a9acd3b300948130a9609b0f8,Excellent indeed,Service,5,2026-06-06T10:27:36Z,Monzo,1052238659,ios,gb,en,7.29.0,,False,2026-08-26T07:01:38.480290Z,https://apps.apple.com/gb/app/id1052238659
eb3644a36f227244eb33e903c48b1f47,"I can’t say enough good things about Monzo. It’s a very transparent bank, with no hidden fees for anything. Best conversion rates when paying abroad, no stupid fees like Lloyds/HSBC or other „physical” banks. App is sleek, simple, and has way better features than those „physical” banks. Customer service is top notch. Nothing to complain.",Easy and Honest,5,2026-06-05T17:31:27Z,Monzo,1052238659,ios,gb,en,7.29.0,,False,2026-08-26T07:01:38.480290Z,https://apps.apple.com/gb/app/id1052238659
980ee26feaafe1c7937b654cc3737d28,Best banking app I’ve used,Review,5,2026-06-05T15:23:21Z,Monzo,1052238659,ios,gb,en,7.29.0,,False,2026-08-26T07:01:38.480290Z,https://apps.apple.com/gb/app/id1052238659
9bb2f90bd51cddf490e99208e7043ba9,"I’m almost a bit suspicious with my skepticism... a bank and app can’t really be this good... there has to be something I’m missing surely? App is clean and well featured, regularly updated and is polished all round... as for the bank itself... banks aren’t supposed to be as good as this... something’s not right 🤣",Best Banking App,5,2026-06-05T06:11:15Z,Monzo,1052238659,ios,gb,en,7.29.0,,False,2026-08-26T07:01:38.480290Z,https://apps.apple.com/gb/app/id1052238659
30cf6b004068557cde69ec12e8d0438c,Excellent,Pretty Excellent,5,2026-06-04T20:51:54Z,Monzo,1052238659,ios,gb,en,7.29.0,,False,2026-08-26T07:01:38.480290Z,https://apps.apple.com/gb/app/id1052238659
c170953381397e91569ebdf85501365c,Excellent interest rates. Savings challenges. Bill splits. Pots. Virtual Cards. It’s got it all. Banking for the future.,Monzo is great,5,2026-06-04T20:27:41Z,Monzo,1052238659,ios,gb,en,7.29.0,,False,2026-08-26T07:01:38.480290Z,https://apps.apple.com/gb/app/id1052238659
1ca628956163033aaae49e8ad32982a7,Best to do it,Good services,5,2026-06-04T19:10:45Z,Monzo,1052238659,ios,gb,en,7.29.0,,False,2026-08-26T07:01:38.480290Z,https://apps.apple.com/gb/app/id1052238659
df6a4516c62cd6fd10e95d202b2cdf07,modern look and feature rich,Loyal Customer,5,2026-06-04T19:06:17Z,Monzo,1052238659,ios,gb,en,7.29.0,,False,2026-08-26T07:01:38.480290Z,https://apps.apple.com/gb/app/id1052238659
dd77b64dae06b47c4a2dc7a6a4d9b630,Last few weeks and months the performance for Max users has gone down the drain. I’m sat here tapping a transaction like a lunatic trying to get to the next screen to split the transaction. I can’t scroll without it locking up. All this on the latest iPhone Pro. Doesn’t seem to affect my wife who doesn’t pay for Max.,App Performance is in the Toilet,1,2026-06-04T18:09:25Z,Monzo,1052238659,ios,gb,en,7.29.0,,False,2026-08-26T07:01:38.480290Z,https://apps.apple.com/gb/app/id1052238659
306308ecdb390acbe87e01f3e0f41980,"Simple and easy to use, always a great way of baking 🥰",I love Monzo,5,2026-06-04T18:03:01Z,Monzo,1052238659,ios,gb,en,7.29.0,,False,2026-08-26T07:01:38.480290Z,https://apps.apple.com/gb/app/id1052238659
309d55bc6342488c5530abd0677c0ef8,I’ve been banking for over 50 years. This is the best bank I’ve ever used.,Simply the Best,5,2026-06-04T16:22:14Z,Monzo,1052238659,ios,gb,en,7.29.0,,False,2026-08-26T07:01:38.480290Z,https://apps.apple.com/gb/app/id1052238659
fc5edcb6d08de0222931142ba0fa3cd4,Best bank and app 🤩,Miss,5,2026-06-04T16:10:20Z,Monzo,1052238659,ios,gb,en,7.29.0,,False,2026-08-26T07:01:38.480290Z,https://apps.apple.com/gb/app/id1052238659
c4005f3e37f8010a2cd4255547fd314a,"I just love Monzo. I find it so incredibly helpful from all the pots you can create to allocate things specifically, to the round-ups that help tuck away little bits, to the stuff that teaches you about saving, investments, to the extras and so much more I can’t remember it all. Best bank I’ve ever been with - ever - by far. Thank you Monzo and thank you for all you little extras that help and mean so much. Fabulous 👍😘",Just love Monzo,5,2026-06-04T15:44:28Z,Monzo,1052238659,ios,gb,en,7.29.0,,False,2026-08-26T07:01:38.480290Z,https://apps.apple.com/gb/app/id1052238659
5d2678e86550c437cd07c852631061ed,"I don’t have any problems with Monzo, quite on the contrary - I love Monzo. But recently I’ve got an email saying I’ll lose my access to the bank in August since my iOS version is old. Well now, this is the latest iOS version my phone supports! If you as a team can give me enough money to buy a new phone - no problem, but for now I’m leaving Monzo. Such a nice way to show customers how invaluable they are.",Stops running the bank on my iOS,1,2026-06-04T09:34:56Z,Monzo,1052238659,ios,gb,en,7.28.0,,False,2026-08-26T07:01:38.480290Z,https://apps.apple.com/gb/app/id1052238659
cc3f5f028d0cd372d53412848216ee54,Easy to use App not complicated to use Receive notification when with every transaction made.,Well done,5,2026-06-03T23:38:38Z,Monzo,1052238659,ios,gb,en,7.28.0,,False,2026-08-26T07:01:38.480290Z,https://apps.apple.com/gb/app/id1052238659
e2e3525fd6ac1312b5567aa67694b9aa,I was hoping that you might have a GIA so I could buy shares.,No GIA?,4,2026-06-03T18:49:49Z,Monzo,1052238659,ios,gb,en,7.28.0,,False,2026-08-26T07:01:38.480290Z,https://apps.apple.com/gb/app/id1052238659
f8d932e863c91b41878b9f80559eb743,Monzo team very supportive,Excellent Bank,5,2026-06-03T17:46:46Z,Monzo,1052238659,ios,gb,en,7.28.0,,False,2026-08-26T07:01:38.480290Z,https://apps.apple.com/gb/app/id1052238659
812975dc80480dcfb45ee0b79c20b647,Best bank ever help me to keep my finances in order,Mrs,5,2026-06-03T15:08:45Z,Monzo,1052238659,ios,gb,en,7.28.0,,False,2026-08-26T07:01:38.480290Z,https://apps.apple.com/gb/app/id1052238659
32964de190494b78d8a8c15e35e6d392,Brilliant bank,Clarke,5,2026-06-03T15:01:57Z,Monzo,1052238659,ios,gb,en,7.28.0,,False,2026-08-26T07:01:38.480290Z,https://apps.apple.com/gb/app/id1052238659
41f2b8b0abcadc240e5d8c3df1e04c25,Let us do it when it’s convent not can’t access app without update,Need to transfer money but forced to update again,1,2026-06-03T09:47:38Z,Monzo,1052238659,ios,gb,en,7.28.0,,False,2026-08-26T07:01:38.480290Z,https://apps.apple.com/gb/app/id1052238659
caf2d284bc3731698d317ae8fcd17056,Can’t get my money paid in early anymore and didn’t tell me,App broken with last update,1,2026-06-03T08:27:33Z,Monzo,1052238659,ios,gb,en,7.28.0,,False,2026-08-26T07:01:38.480290Z,https://apps.apple.com/gb/app/id1052238659
1d748a741ca79c37da403be6f31a7ae8,App auto rolled me onto the extra plan without consent.,Enrolled into extra on its own,1,2026-06-03T07:19:24Z,Monzo,1052238659,ios,gb,en,7.28.0,,False,2026-08-26T07:01:38.480290Z,https://apps.apple.com/gb/app/id1052238659
486f65bac5a10e64a68237ecd20db0e1,"Overall this app is great. The layout is good, it’s snappy, it doesn’t incorrectly detect a jailbreak like some others (yes Starling, I mean you) and its notifications are great. My only minor gripe is that in the activity list tapping delete after tapping the 3 dots appears to initially remove the item, but then if moving away from that page and back - they reappear. If this was fixed that would be awesome. I also think there should be a request funds feature from the child account app login like “What do you want to purchase?” and “How much do you need?” Then the parent can review the push notification on their device (preferably with long hold on the lock screen! Pls!) and approve or deny. This would be amazing. With all that said, the app is still great for current, credit and kids accounts - but with a couple of minor feature improvements it would be phenomenally good.",Great app but with a few little niggles and some needed features,4,2026-06-03T01:02:01Z,Monzo,1052238659,ios,gb,en,7.28.0,,False,2026-08-26T07:01:38.480290Z,https://apps.apple.com/gb/app/id1052238659
4d6111693abe1ebd3b62c58d4d7445d7,"Monza is a very good way to bank, especially using children accounts as she contact to pay or contactless card which is very quick and responsive through the app 👍👍👍👍👍👍👍👍👍👍",review,5,2026-06-02T19:10:25Z,Monzo,1052238659,ios,gb,en,7.28.0,,False,2026-08-26T07:01:38.480290Z,https://apps.apple.com/gb/app/id1052238659
0522a26e6a79b00fa69ade5c117062bc,I LOVE MONZO,Monzo,5,2026-06-02T17:24:28Z,Monzo,1052238659,ios,gb,en,7.28.0,,False,2026-08-26T07:01:38.480290Z,https://apps.apple.com/gb/app/id1052238659
2102273c3fe92539120e35d0b8c505b5,Excellent service,Deep,5,2026-06-02T16:08:37Z,Monzo,1052238659,ios,gb,en,7.28.0,,False,2026-08-26T07:01:38.480290Z,https://apps.apple.com/gb/app/id1052238659
511133f15aa5ea3e2108620dd14e4ba4,Best bank account I’ve ever had,Best bank,5,2026-06-02T15:48:03Z,Monzo,1052238659,ios,gb,en,7.28.0,,False,2026-08-26T07:01:38.480290Z,https://apps.apple.com/gb/app/id1052238659
0637a5f221f0f2799fbc4b47a2c12360,When you get scammed they don’t give you your money back try to blame you and they lie to you on the chat so I would swerve this bank if you can,Don’t not use,1,2026-06-02T10:18:53Z,Monzo,1052238659,ios,gb,en,7.28.0,,False,2026-08-26T07:01:38.480290Z,https://apps.apple.com/gb/app/id1052238659
b281c6c18ad46d3f30e656764f0fb501,Really good,Perfect,5,2026-06-01T20:02:37Z,Monzo,1052238659,ios,gb,en,7.28.0,,False,2026-08-26T07:01:38.480290Z,https://apps.apple.com/gb/app/id1052238659
59abef3ac947f6cb0961ab1b91b4f11f,Enjoying My Apps Especially Especially This One Monzo Can Do No Wrong In My Humble Opinion Great Guns.,Modern Life Of The Apps,5,2026-06-01T18:34:42Z,Monzo,1052238659,ios,gb,en,7.28.0,,False,2026-08-26T07:01:38.480290Z,https://apps.apple.com/gb/app/id1052238659
3afee3b9e9e334e84984f15e1ee730a0,I can manage my money easily with Monzo.,"Save, quick and easy",5,2026-06-01T17:32:37Z,Monzo,1052238659,ios,gb,en,7.28.0,,False,2026-08-26T07:01:38.480290Z,https://apps.apple.com/gb/app/id1052238659
dc5f602f1a7d60305d152feca35e8157,"Been using Monzo for years and utterly thrilled with it, so easy to use for personal and business banking. Highly recommend",Brilliant bank app!,5,2026-06-01T17:23:44Z,Monzo,1052238659,ios,gb,en,7.28.0,,False,2026-08-26T07:01:38.480290Z,https://apps.apple.com/gb/app/id1052238659
ad1b8f60564aa96d2f72304044683cf9,"I have been with monzo for many many years. Customer service is amazing, never had one issue. Easy to organise we have a bills pot so all bills get paid out of that! So what’s in our account is spending. You pay for something it’s out of your account instantly. Send my daughter money instantly. Would never use any other bank. Go for it !",Instant banking,5,2026-06-01T16:16:24Z,Monzo,1052238659,ios,gb,en,7.28.0,,False,2026-08-26T07:01:38.480290Z,https://apps.apple.com/gb/app/id1052238659
e403fcd1646b3045c602c71270846b44,Very useful app. Simple and well worth having. Like the credit card as well,Works!,4,2026-06-01T15:45:44Z,Monzo,1052238659,ios,gb,en,7.28.0,,False,2026-08-26T07:01:38.480290Z,https://apps.apple.com/gb/app/id1052238659
c0f5d74932341ff72b744419d9086a94,"This is a great bank and app, allowing you full control of your money. I feel safe using this app and being able to see where I’ve spent most each month.",Know where you stand,5,2026-06-01T15:32:41Z,Monzo,1052238659,ios,gb,en,7.28.0,,False,2026-08-26T07:01:38.480290Z,https://apps.apple.com/gb/app/id1052238659
8abddb2fe71496b94aa2a659496efa0c,5 stars,5 stars,5,2026-06-01T15:04:51Z,Monzo,1052238659,ios,gb,en,7.28.0,,False,2026-08-26T07:01:38.480290Z,https://apps.apple.com/gb/app/id1052238659
b392dbb3b845718e331c0e9dade963fb,Haven’t had notifications come thru since switching from iPhone 16 to 17 air. I selected push notifications on in settings still no change,Push notifications not working,3,2026-06-01T08:30:57Z,Monzo,1052238659,ios,gb,en,7.28.0,,False,2026-08-26T07:01:38.480290Z,https://apps.apple.com/gb/app/id1052238659
25f0f35f255e63d1b0941995875c0a10,For someone who used lots of credit cards over the years .. since I discovered Monzo flex and overdraft its saved me alot.. i pay back instantly little fees . Very efficient and quick .. Top banking at the moment . Not using any bank anymore.. big ups Monzo for saving lives,Over draft and Flex,5,2026-05-31T11:09:10Z,Monzo,1052238659,ios,gb,en,7.28.0,,False,2026-08-26T07:01:38.480290Z,https://apps.apple.com/gb/app/id1052238659
51dbe1a2501c25f7f88fbd75d0271172,"Before this card I had no way of getting my wife to pay half when we went out for food & drink. Now it’s amazing, she pays up, happy days!!",Breath of fresh air,5,2026-05-30T14:29:34Z,Monzo,1052238659,ios,gb,en,7.28.0,,False,2026-08-26T07:01:38.480290Z,https://apps.apple.com/gb/app/id1052238659
4cc85ee143737743263f7b42c91dfc2f,Been with Monzo for few years. Best bank ever,Best Bank app,5,2026-05-30T13:35:43Z,Monzo,1052238659,ios,gb,en,7.28.0,,False,2026-08-26T07:01:38.480290Z,https://apps.apple.com/gb/app/id1052238659
e72f309995ae40bfca13478a80593958,good,good,5,2026-05-30T10:30:49Z,Monzo,1052238659,ios,gb,en,7.28.0,,False,2026-08-26T07:01:38.480290Z,https://apps.apple.com/gb/app/id1052238659
3421793ccdd85bdae2d08c65f3ac0520,"Simple to use, user friendly and quick to learn how to use. Honestly the best bank app and bank I’ve ever used.",Monza Simply The Best,5,2026-05-30T08:05:44Z,Monzo,1052238659,ios,gb,en,7.28.0,,False,2026-08-26T07:01:38.480290Z,https://apps.apple.com/gb/app/id1052238659
5ee2c1cf9094cb97fa4c9e9ec365eaf9,Logs me out every time I log in and I’ve lost my card,Monzo,3,2026-05-29T21:18:39Z,Monzo,1052238659,ios,gb,en,7.28.0,,False,2026-08-26T07:01:38.480290Z,https://apps.apple.com/gb/app/id1052238659
526c868803aea3769b965bcf76c60e12,"Thank you so much, Monzo about your service. It’s good bank my friend in my family about this book thank you.",Mohamed Al enizi,5,2026-05-29T21:11:31Z,Monzo,1052238659,ios,gb,en,7.28.0,,False,2026-08-26T07:01:38.480290Z,https://apps.apple.com/gb/app/id1052238659
ab6eeb3f28791fa9ce9b5ba78f5ca67a,Strong features and iPhone app. However before I could move all my banking to Monzo there needs to be iPad and or Web access. Why doesn’t this exist ? Even if it was a simplified version of the iPhone app.,Good but needs iPad and / or Web App,2,2026-05-29T19:40:55Z,Monzo,1052238659,ios,gb,en,7.28.0,,False,2026-08-26T07:01:38.480290Z,https://apps.apple.com/gb/app/id1052238659
0ce389b2e8b9c8dc737d0210866a8af4,Thank you,Mr Bibin,5,2026-05-29T15:39:08Z,Monzo,1052238659,ios,gb,en,7.28.0,,False,2026-08-26T07:01:38.480290Z,https://apps.apple.com/gb/app/id1052238659
bbc160924586b9ca3498cfcf0685cbd9,Really exceptional banking services,Banking,5,2026-05-29T15:13:53Z,Monzo,1052238659,ios,gb,en,7.28.0,,False,2026-08-26T07:01:38.480290Z,https://apps.apple.com/gb/app/id1052238659
48f5d43035b8555e49af36c4203b4af5,Everything in one place great app,Great,5,2026-05-29T15:13:45Z,Monzo,1052238659,ios,gb,en,7.28.0,,False,2026-08-26T07:01:38.480290Z,https://apps.apple.com/gb/app/id1052238659
b84eb67deb5c6a5fd2b5bf8d66d980b9,Good,Good,5,2026-05-29T15:10:43Z,Monzo,1052238659,ios,gb,en,7.28.0,,False,2026-08-26T07:01:38.480290Z,https://apps.apple.com/gb/app/id1052238659
27e9fcacb208c230ec530194ae2a5b97,"Such a good app, you can do a lot with it and it's so user friendly, the services they provide such as home insurance break down cover phone insurance is so cheap and easy to activate. Easily the best banking app I've used and I've tried about 8 of them. Monzo are amazing you won't be let down I assure you",Best banking app out there,5,2026-05-28T21:44:14Z,Monzo,1052238659,ios,gb,en,7.28.0,,False,2026-08-26T07:01:38.480290Z,https://apps.apple.com/gb/app/id1052238659
2f4482ff2c3473a660703ff3785e813a,Can’t fault them at all,5 stars!,5,2026-05-28T19:23:08Z,Monzo,1052238659,ios,gb,en,7.28.0,,False,2026-08-26T07:01:38.480290Z,https://apps.apple.com/gb/app/id1052238659
da948b6c471e2af4c3bb83fe5858c145,LOVE ITTTTT,Pay,5,2026-05-28T18:59:11Z,Monzo,1052238659,ios,gb,en,7.28.0,,False,2026-08-26T07:01:38.480290Z,https://apps.apple.com/gb/app/id1052238659
74b48202994ddab3e0c816a55da41b76,Great service with a complex well built app,Mr,5,2026-05-28T18:19:29Z,Monzo,1052238659,ios,gb,en,7.28.0,,False,2026-08-26T07:01:38.480290Z,https://apps.apple.com/gb/app/id1052238659
22747e61a5ee10f5804382363520c650,"Monzo itself is superb, I can’t fault the services and performance of the banking. I have Monzo Max and Business Pro, Monzo investments, Flex credit cards, multiple virtual cards, innumerable pots, tax pot automation, open banking links to QuickBooks, the whole thing. I’m totally in. But really, they should have a native iPad app, this iPhone port on my iPad Pro 12.9 is just silly. Not what I expect from a digital native disruptor. And also, Monzo you need to make notifications device specific. I mainly use Monzo on my phone as, I suspect, most people do. But whenever I open it on my iPad or my spare phone (an older phone I take on holiday etc) it asks me if I want notifications. If I disallow it (why would I want my iPad going off all the time with Monzo notifications) then it disables notifications globally and then I don’t get them on my primary phone anymore. This makes no sense. Please correct this counterintuitive behaviour.",Not iPad Native and Counter Productive,2,2026-05-28T17:56:14Z,Monzo,1052238659,ios,gb,en,7.28.0,,False,2026-08-26T07:01:38.480290Z,https://apps.apple.com/gb/app/id1052238659
f215c1e73084a1931e1262d96c11edca,Best bank ever!!!,Amazing,5,2026-05-28T17:49:42Z,Monzo,1052238659,ios,gb,en,7.28.0,,False,2026-08-26T07:01:38.480290Z,https://apps.apple.com/gb/app/id1052238659
1cf8e2ae49a871d352a49b8cb7b75a79,Great app,Amazing,5,2026-05-28T17:49:17Z,Monzo,1052238659,ios,gb,en,7.28.0,,False,2026-08-26T07:01:38.480290Z,https://apps.apple.com/gb/app/id1052238659
c03957bf833963ace814262d052542b7,So easy to use and helps me keep in track of my finances,Laura,5,2026-05-28T17:48:42Z,Monzo,1052238659,ios,gb,en,7.28.0,,False,2026-08-26T07:01:38.480290Z,https://apps.apple.com/gb/app/id1052238659
b305c07ec4df52d86637c958b9e6202d,"Hands down best Bank in the UK, split bills, saving pots, get your pay a day early, simple to transfer money and NO pending payments so you always know your balance. What more could you want?",Monzo,5,2026-05-28T17:29:29Z,Monzo,1052238659,ios,gb,en,7.28.0,,False,2026-08-26T07:01:38.480290Z,https://apps.apple.com/gb/app/id1052238659
39f7bc395163fe8a7c33d8887538119c,Very simple App,Banking made easy,5,2026-05-28T16:55:47Z,Monzo,1052238659,ios,gb,en,7.28.0,,False,2026-08-26T07:01:38.480290Z,https://apps.apple.com/gb/app/id1052238659
4e543c7dbf3a92be94134b126b2f96c3,I am happy to be part of this company .,The best,5,2026-05-28T16:27:45Z,Monzo,1052238659,ios,gb,en,7.28.0,,False,2026-08-26T07:01:38.480290Z,https://apps.apple.com/gb/app/id1052238659
6094eb4c8a295d21e3bf8a797b9de3e6,"I have always been with the same bank since I was 13. I decided to take the plunge and switch to Monzo and never looked back. You can do so much more with your money, from saving to investing, setting up accounts for your children with individual cards with no extra costs. It’s easy to deposit money at almost any shop in the area unlike my previous bank. They even pay me a day early from my job. Excellent I would never go back!",Since switching,5,2026-05-28T16:23:12Z,Monzo,1052238659,ios,gb,en,7.28.0,,False,2026-08-26T07:01:38.480290Z,https://apps.apple.com/gb/app/id1052238659
051421be69b1b63af24db643c7b32d7a,Professional and reliable,Reliability,5,2026-05-28T16:16:31Z,Monzo,1052238659,ios,gb,en,7.28.0,,False,2026-08-26T07:01:38.480290Z,https://apps.apple.com/gb/app/id1052238659
4ba51742c20cbc73d2e59b484a7263f3,"Monzo is a brilliant, user-friendly app, perfect for daily spending, saving, and travel. 5 stars",Best digital bank in the uk,5,2026-05-28T16:10:15Z,Monzo,1052238659,ios,gb,en,7.28.0,,False,2026-08-26T07:01:38.480290Z,https://apps.apple.com/gb/app/id1052238659
7fb2b204ae1c9adc5fb7f1016d3e8809,Always happy to help me with any issues,Excellent service,5,2026-05-28T16:08:23Z,Monzo,1052238659,ios,gb,en,7.28.0,,False,2026-08-26T07:01:38.480290Z,https://apps.apple.com/gb/app/id1052238659
8cc103fd498afe5307fe321fb2d1ab57,Great app,Dilan,5,2026-05-28T15:55:41Z,Monzo,1052238659,ios,gb,en,7.28.0,,False,2026-08-26T07:01:38.480290Z,https://apps.apple.com/gb/app/id1052238659
c7c60eb86ce522609d06965fc1278234,Excellent,Hi,5,2026-05-28T15:26:52Z,Monzo,1052238659,ios,gb,en,7.28.0,,False,2026-08-26T07:01:38.480290Z,https://apps.apple.com/gb/app/id1052238659
eca0fabc6db105ed3dc97b1fa6410a04,"I told my mum I needed to get a credit card because I needed to start getting organised with my money but she said no because most of kids cards are expensive and you have to pay every month for almost all of them after a few months my bestie told me about monzo and how her parents use it and there’s a new kids card I told my mum and to my surprise the card is for free but when you make a parent account only for your child the adult gets a free card to! So now I can spend money without paying every single month and here are some features that come with the card. You can pick a colour for the card which are yellow, pink and blue.You can also set a limit on how much money your child can spend on every shop like £10 £5. And when your card expires you’ll get another free one. The also really good thing is that if you accidentally lose your card there is a freeze your card button which is if anyone finds that card and tries to buy something with it they will not be able to. Have a wonderful day and I hope you will enjoy your card to",The new kids cards are so worth it!,4,2026-05-28T13:19:41Z,Monzo,1052238659,ios,gb,en,6.51.0,,False,2026-08-26T07:01:38.480290Z,https://apps.apple.com/gb/app/id1052238659
bed792353c13cc699e79923069540887,Use this all the time it’s a great banking app,Good app,5,2026-05-28T12:20:56Z,Monzo,1052238659,ios,gb,en,7.27.0,,False,2026-08-26T07:01:38.480290Z,https://apps.apple.com/gb/app/id1052238659
ffe840e5e2ab39ab4e4edb2bd95fce50,"Easy to use, great features, great bank too.",Great bank,5,2026-05-27T21:08:31Z,Monzo,1052238659,ios,gb,en,7.27.0,,False,2026-08-26T07:01:38.480290Z,https://apps.apple.com/gb/app/id1052238659
6217ca177d2946e41fddec5b5ff2c76d,This is a great bank love it,Banking,5,2026-05-27T19:41:25Z,Monzo,1052238659,ios,gb,en,7.27.0,,False,2026-08-26T07:01:38.480290Z,https://apps.apple.com/gb/app/id1052238659
4cbc6df39e2f023382979d41358c918e,Best bank I have ever been with,Mr,5,2026-05-27T17:45:02Z,Monzo,1052238659,ios,gb,en,7.27.0,,False,2026-08-26T07:01:38.480290Z,https://apps.apple.com/gb/app/id1052238659
5da8e0c716d69f2b34b8a30985664e4b,"Pay £22 a month for Monzo Max, they tell you you’re entitled to “Double Payday” I get paid by Veolia, a huge global company that employs 20000 people in the UK alone, they pay you by BACS and between £300-£20000 a month, everything that’s required for double payday, yet Monzo still refuse to recognise Veolia, I mean surely I’m not the only Veolia employee to bank with Monzo, you try to contact support and you’re sent round in circles. Don’t offer incentives if you’re not going to fulfill them! It’s a shame because Monzo used to be great, now it seems they’re slipping into the standards of every other normal high street bank where profit comes first and the customer might be thought about at some point, if you’re lucky.",Gimmicks that you don’t get,1,2026-05-27T17:17:42Z,Monzo,1052238659,ios,gb,en,7.27.0,,False,2026-08-26T07:01:38.480290Z,https://apps.apple.com/gb/app/id1052238659
245faf6b83f934f005351fe7ac4734b5,Best bank you can depend on,I’m very proud of Monzo services,5,2026-05-27T17:00:08Z,Monzo,1052238659,ios,gb,en,7.27.0,,False,2026-08-26T07:01:38.480290Z,https://apps.apple.com/gb/app/id1052238659
111f47b7c25c7954fffb2efeea2fe8f5,Great,Services,5,2026-05-27T16:35:51Z,Monzo,1052238659,ios,gb,en,7.27.0,,False,2026-08-26T07:01:38.480290Z,https://apps.apple.com/gb/app/id1052238659
05af4e00f8a231362cba60e8c31f5453,Banking made easy with Monzo.,Mr,5,2026-05-27T16:02:40Z,Monzo,1052238659,ios,gb,en,7.27.0,,False,2026-08-26T07:01:38.480290Z,https://apps.apple.com/gb/app/id1052238659
f6df0082a741fef680ff7664c31f0753,Some many great features on the app,Great features,5,2026-05-27T15:48:30Z,Monzo,1052238659,ios,gb,en,7.27.0,,False,2026-08-26T07:01:38.480290Z,https://apps.apple.com/gb/app/id1052238659
d0bc8bb37247ff151b7b581ca0b3a666,"Love the feature of getting the salary earlier than other banks, I switched to Monzo due to that",Early payment feature is the best,5,2026-05-27T15:28:57Z,Monzo,1052238659,ios,gb,en,7.27.0,,False,2026-08-26T07:01:38.480290Z,https://apps.apple.com/gb/app/id1052238659
c2705d9f11d9f89ac344b315ed3a68c0,So simple. Easy to use and love all the small perks.,No hassle,5,2026-05-27T15:28:12Z,Monzo,1052238659,ios,gb,en,7.27.0,,False,2026-08-26T07:01:38.480290Z,https://apps.apple.com/gb/app/id1052238659
5a5da1c4c20afeffb30e21496a228e97,Best bank account I’ve ever had,Craig,5,2026-05-27T15:21:00Z,Monzo,1052238659,ios,gb,en,7.27.0,,False,2026-08-26T07:01:38.480290Z,https://apps.apple.com/gb/app/id1052238659
0dec21b0cfb7f59fd4f90c40a161a99c,Excellent service,Excellent,5,2026-05-27T15:02:33Z,Monzo,1052238659,ios,gb,en,7.27.0,,False,2026-08-26T07:01:38.480290Z,https://apps.apple.com/gb/app/id1052238659
a0df9ffb1fc68a54cb5a7e3d16dcbdcc,"The app is great, but when I am sorting my money at the start of the month I would prefer it on a bigger screen like my computer.",The improvement I would like to see,4,2026-05-26T16:34:27Z,Monzo,1052238659,ios,gb,en,7.27.0,,False,2026-08-26T07:01:38.480290Z,https://apps.apple.com/gb/app/id1052238659
93f45058a8760d3f23842b87158d1364,Excellent service,Mr FT Mutika,5,2026-05-26T16:04:21Z,Monzo,1052238659,ios,gb,en,7.27.0,,False,2026-08-26T07:01:38.480290Z,https://apps.apple.com/gb/app/id1052238659
2515a15940a2c1786e9715a40db700b3,Best online banking ever,Amazing,5,2026-05-26T15:27:45Z,Monzo,1052238659,ios,gb,en,7.27.0,,False,2026-08-26T07:01:38.480290Z,https://apps.apple.com/gb/app/id1052238659
d5b0625e58d3173c1746028c9db70b14,The only bank where you can get your money at 4 the day before it is due,Fantastic bank,5,2026-05-26T15:05:37Z,Monzo,1052238659,ios,gb,en,7.27.0,,False,2026-08-26T07:01:38.480290Z,https://apps.apple.com/gb/app/id1052238659
57c775cd92d99732da373afd5bf8ac1c,Takes your money and then claims that a payment/transaction went out. Says your payments are fraud payments when you’re sending money to your family. Absolutely ridiculous. Terrible banking app,Terrible banking app,1,2026-05-25T11:11:16Z,Monzo,1052238659,ios,gb,en,7.27.0,,False,2026-08-26T07:01:38.480290Z,https://apps.apple.com/gb/app/id1052238659
e3d97ce8aef73c49230ac9673054920d,Super bank for travelling the world,Nags,5,2026-07-28T21:54:59Z,Starling Bank,956806430,ios,gb,en,4.59.0,,False,2026-08-26T07:01:38.480290Z,https://apps.apple.com/gb/app/id956806430
22f57adeae40599b6aabfeb2c8293b11,Stirling bank good bank to work with I have been using for many years,Hami,5,2026-07-28T12:19:39Z,Starling Bank,956806430,ios,gb,en,4.59.0,,False,2026-08-26T07:01:38.480290Z,https://apps.apple.com/gb/app/id956806430
fee98c25529bd4cd7ee1a4d6d6173eeb,"I loveeeeeeeee Starling. They are so convenient, efficient and quick problem solving. They sort issues out in no time and they do anything and everything for our comfort. Variety of options in the app to communicate etc. One thing I would like to say they need to work on Overdraft, the amount they offer and the restrictions.",Best Bank Ever,5,2026-07-28T11:16:42Z,Starling Bank,956806430,ios,gb,en,4.59.0,,False,2026-08-26T07:01:38.480290Z,https://apps.apple.com/gb/app/id956806430
9508195e4a67a6d4b9da9701197d36c0,Bounce bank loan statement not available on a monthly basis - make it impossible to complete any accounting reconciliation,BBLS statements not available,1,2026-07-28T10:06:31Z,Starling Bank,956806430,ios,gb,en,4.59.0,,False,2026-08-26T07:01:38.480290Z,https://apps.apple.com/gb/app/id956806430
cc89037cf68a6f61bfccad68fa2147f2,"Good, efficient, intuitive interface. So much better than my previous high st bank!",Love the app!,5,2026-07-27T14:48:29Z,Starling Bank,956806430,ios,gb,en,4.59.0,,False,2026-08-26T07:01:38.480290Z,https://apps.apple.com/gb/app/id956806430
a3e9982b7718d8a944b2984609bd65a0,The easy in which you are able to transfer large amounts of money is impressive. The daily limits far exceed what you’re able to do with the traditional banks. You would have to pay by CHAPS payment for which you would be charged £25 and would take 25 minutes or more to complete and have to visit a branch.,Leaves the traditional banks standing,4,2026-07-27T14:17:28Z,Starling Bank,956806430,ios,gb,en,4.59.0,,False,2026-08-26T07:01:38.480290Z,https://apps.apple.com/gb/app/id956806430
2db242403f5e1a2a4f75d7654335e354,Great account - would recommend,Excellent,5,2026-07-26T23:13:05Z,Starling Bank,956806430,ios,gb,en,4.59.0,,False,2026-08-26T07:01:38.480290Z,https://apps.apple.com/gb/app/id956806430
cb5d69c2562f5df63f858c5a8f50d02b,Love this app it is so easy to use. I would highly recommend. Excellent and very efficient customer service .,So easy,5,2026-07-26T19:43:27Z,Starling Bank,956806430,ios,gb,en,4.59.0,,False,2026-08-26T07:01:38.480290Z,https://apps.apple.com/gb/app/id956806430
f44a8c3699dfcaea8c4f9cdb8ff44a14,Great,Great,5,2026-07-26T12:47:16Z,Starling Bank,956806430,ios,gb,en,4.59.0,,False,2026-08-26T07:01:38.480290Z,https://apps.apple.com/gb/app/id956806430
4abaf1009f587916b47a52e38a03f386,I’m happy with the way my banking works. It’s easy to access and easy to use. I can move my money about easy and I can use the spaces also to pay expenses. I love it. I also like that I have other options to save my money to. I find your costumer service is very helpful. The only thing I would say is I would prefer that if I can move my move easier from space to space rather than having to move it out of the space into my main account and then across to my other spaces. Sometimes I need to move things around and that would be more helpful and easier to do. But thank you,5 star banking,5,2026-07-26T12:31:23Z,Starling Bank,956806430,ios,gb,en,4.59.0,,False,2026-08-26T07:01:38.480290Z,https://apps.apple.com/gb/app/id956806430
3e4684e0d1f7a781338922f4df4a337b,Very good,Good,5,2026-07-25T22:14:42Z,Starling Bank,956806430,ios,gb,en,4.59.0,,False,2026-08-26T07:01:38.480290Z,https://apps.apple.com/gb/app/id956806430
276e3d6d2ef6d60a81a3db2b8206b6de,Best Digital Bank I have a business account with Sterling and it also has you can actually call up and have a conversation on the phone which for me for my business account I don’t just wanna do Whatsapp. I generally need to speak to someone on the phone and my personal account. As well. Recommended.,Best Digital bank,5,2026-07-25T14:15:13Z,Starling Bank,956806430,ios,gb,en,4.59.0,,False,2026-08-26T07:01:38.480290Z,https://apps.apple.com/gb/app/id956806430
f1c7aa2cb63908ebdab941eda9ef442b,So I just want to congratulate Sterling bank on the superb way that they manage my account both online and through the app. I love the security framework and the way that they just keep my business account safe. Hundred percent recommend.,Superb security,5,2026-07-25T10:54:03Z,Starling Bank,956806430,ios,gb,en,4.59.0,,False,2026-08-26T07:01:38.480290Z,https://apps.apple.com/gb/app/id956806430
84946409c312f6e4e0210c22f3a9285f,Easy to use,Great app,5,2026-07-25T10:43:23Z,Starling Bank,956806430,ios,gb,en,4.59.0,,False,2026-08-26T07:01:38.480290Z,https://apps.apple.com/gb/app/id956806430
a8a03f3c2a4212439783585a47324a50,Fast secure transfer,Fast secure transfer,5,2026-07-25T09:53:13Z,Starling Bank,956806430,ios,gb,en,4.59.0,,False,2026-08-26T07:01:38.480290Z,https://apps.apple.com/gb/app/id956806430
6b10a9fe9b05301022c7f43e34c71f79,"Security for making a large payment was outstanding, feel safe and secure banking with starling.",Great and ethical,5,2026-07-25T09:07:20Z,Starling Bank,956806430,ios,gb,en,4.59.0,,False,2026-08-26T07:01:38.480290Z,https://apps.apple.com/gb/app/id956806430
afd40b17cd27a5adfae0fbac52faaf25,"Applied for a Starling account for my daily spending. I have a great credit score with nothing on my report that should cause a rejection. The application was straightforward until I received a generic “We can’t open an account for you” message with zero explanation. Meanwhile, NatWest approved me instantly for a current account + credit card. Very frustrating lack of transparency for a modern bank. Won’t be recommending Starling. UPDATE - Monzo approved same day, with no issues. So I can personally recommend Monzo over Starling.",Can’t recommend,1,2026-07-25T07:55:22Z,Starling Bank,956806430,ios,gb,en,4.59.0,,False,2026-08-26T07:01:38.480290Z,https://apps.apple.com/gb/app/id956806430
f60430466c22cfafe7de311e93330338,Absolutely terrible & complete waste of time. Definitely one to avoid unless you’ve got endless time & energy to waste,Total joke,1,2026-07-25T07:50:59Z,Starling Bank,956806430,ios,gb,en,4.59.0,,False,2026-08-26T07:01:38.480290Z,https://apps.apple.com/gb/app/id956806430
3fe6852dcc693e498ade2bac62b3de1b,"It’s very simple, Starling is the best bank account I’ve ever used. The ease with which I can move between personal and business banking is fantastic. I can’t recommend this bank highly enough.",Best bank ever,4,2026-07-25T07:46:07Z,Starling Bank,956806430,ios,gb,en,4.59.0,,False,2026-08-26T07:01:38.480290Z,https://apps.apple.com/gb/app/id956806430
18cfb3e07346f5318763cd695ae22a4c,"Consider considering that Starling on an online bank, you would think that they would understand the equality act 2010. In the equality act it makes the point that all organisations must make reasonable adjustments for people with disabilities.. the financial ombudsman makes the point that banks are not to create barriers for disabled people. I am neurodivergent and I also have dyslexia, starling bank do not recognise neurodivergency and dyslexia by that I mean that they want a six digit password and that is the process regardless of whether you have a disability or not that that’s the process we have in place for everybody. Even if you can’t do it because of your disability, because when I have told them that that creates a barrier for me because you also need to type it in for a new payee which means that if you don’t get it right first time round you end up getting timed out which interferes with your everyday banking then they really don’t care. I have the physical evidence in many emails and complaints I’ve raised that they have upheld, from them saying that’s the way the process is and no reasonable adjustments, no looking at individual cases, no trying to be helpful. So I’ve moved to a bank that does recognise these disabilities and they’ve also been incredibly helpful if you’re Neurodivergent have dyslexia have issues with numbers do not bank with Starling they really do not care and that’s been my experience over the past two years. In response to a repeat of what I already know from you. Dear Starling Bank Limited, Re: Public response to my app store review, failure to make reasonable adjustments under the Equality Act 2010 (ongoing complaint, disability: dyslexia/neurodivergence) I am writing formally in response to the reply your team posted to my app store review regarding the change from a 4-digit to a 6-digit passcode. I do not accept the substance of that response, and I am putting the following on record. 1. This is not a resolution — it is a restatement of the barrier Your response confirms that Starling intends to proceed with the 6-digit passcode requirement, citing security as the justification. At no point does your response engage with the reasonable adjustment I have specifically requested: retention of a 4-digit passcode, or an equivalent alternative that does not increase the cognitive load involved in recalling and entering a sequence of digits under time pressure. Citing “security” as a blanket justification, without any individual assessment of my circumstances, does not discharge your duty under section 20 of the Equality Act 2010. The duty to make reasonable adjustments is anticipatory and individual; a policy applied uniformly to all customers is not, by itself, a reasonable adjustment, and can itself be the source of indirect discrimination under section 19. 2. Face ID/fingerprint is not a substitute for a reasonable adjustment Your response suggests Face ID or fingerprint login as an alternative “if your device supports it.” This is conditional, not universal, and does not address the situations in which the passcode itself must still be entered, including app updates, new device setup, and, critically, payee authentication. Your response does not mention, and has consistently failed to mention, that customers are required to re-enter the passcode when adding or paying a new payee, and that this is done under a countdown timer before the session times out. This omission is not incidental. It is the single most disabling part of this process for me: being required to accurately recall and input a longer numeric sequence, under time pressure, in order to complete an everyday banking task. That is a barrier to my use of your service, and it is one your public response has again failed to acknowledge, let alone address. 3. This is not a new issue I have been raising the impact of dyslexia and neurodivergence on my ability to use Starling’s app with you for approximately two years. A previous complaint on this subject was upheld, and compensation was paid to me in recognition of the difficulties I experienced. Despite that finding, no adjustment has been implemented in the intervening period, and the current change moves further away from accessibility, not towards it. A business that has already acknowledged, through an upheld complaint and payment of compensation, that its systems disadvantage me on the grounds of disability, and then proceeds to introduce a change that increases that disadvantage without individual assessment, cannot reasonably claim it was unaware of the impact. On the information available to me, this reads as a continuation of the same failure, not an isolated decision. 4. What I require 1. Written confirmation of whether Starling will individually assess my request to retain a 4-digit passcode, or provide an equivalent adjustment, as a reasonable adjustment under section 20 of the Equality Act 2010. 2. An explanation, in writing, of how payee authentication and session timeout will operate for disabled customers who cannot reliably enter a 6-digit code within the current time limit, and what adjustment is available for that specific step. 3. Confirmation of what steps, if any, have been taken since my previous upheld complaint to implement the adjustments that complaint identified as necessary. I am giving you 14 days from the date of this letter to respond substantively to the three points above. If I do not receive a response that engages with these points — rather than a repetition of the general security justification already given — I will refer this matter to the Financial Ombudsman Service, and I reserve the right to pursue this further, including under the Equality Act 2010, in respect of both the original complaint and this further failure to adjust.",Process over people.,1,2026-07-25T07:26:53Z,Starling Bank,956806430,ios,gb,en,4.59.0,,False,2026-08-26T07:01:38.480290Z,https://apps.apple.com/gb/app/id956806430
67206b0154520f4512dd7d03a7d70e77,Useless app,Useless app,1,2026-07-25T00:04:04Z,Starling Bank,956806430,ios,gb,en,4.59.0,,False,2026-08-26T07:01:38.480290Z,https://apps.apple.com/gb/app/id956806430
0dab575767a27ea56292b6aa2f732f0f,Making banking easy!,Starling bank,5,2026-07-24T20:36:47Z,Starling Bank,956806430,ios,gb,en,4.59.0,,False,2026-08-26T07:01:38.480290Z,https://apps.apple.com/gb/app/id956806430
7f35d17fe6e95add3ca78a545d48422e,Always it’s easy to use,five star,5,2026-07-24T19:37:35Z,Starling Bank,956806430,ios,gb,en,4.59.0,,False,2026-08-26T07:01:38.480290Z,https://apps.apple.com/gb/app/id956806430
c5d06d5e5508754285a3938c370e09f1,I love this app and I love starling. On the rare occasion something goes wrong it’s dealt with quickly and easily. The app is brilliant I especially like the spaces part where you segregate off money and the ease of searching through payments and I love the fact that it automatically tells you how much you have paid someone in total that year. Highly recommend this well thought out bank.,Love it,5,2026-07-24T15:44:17Z,Starling Bank,956806430,ios,gb,en,4.59.0,,False,2026-08-26T07:01:38.480290Z,https://apps.apple.com/gb/app/id956806430
ad08ab2fa905e13cab27f01f00c2580b,"Great banking and app really straightforward payments and good checking and verification of payments with notifications straight to the device I use this as not my main bank but would have not problems using it as such , aside from the fact I need a branch",Great,5,2026-07-24T14:56:10Z,Starling Bank,956806430,ios,gb,en,4.59.0,,False,2026-08-26T07:01:38.480290Z,https://apps.apple.com/gb/app/id956806430
8b58b503223c5b7e16bfa07b2c0ff375,As always superb service. Totally efficient,Always efficient. Thank heavens for STARLING.,5,2026-07-24T14:50:01Z,Starling Bank,956806430,ios,gb,en,4.59.0,,False,2026-08-26T07:01:38.480290Z,https://apps.apple.com/gb/app/id956806430
962be0b58a7bf20bf797bbb50d27e699,"Great for business banking, clean UI and great all round app.",Awesome App,5,2026-07-24T14:02:10Z,Starling Bank,956806430,ios,gb,en,4.59.0,,False,2026-08-26T07:01:38.480290Z,https://apps.apple.com/gb/app/id956806430
ab27f7a5b436475590c1338b81ed8d2a,Love it yayyyyyaaaaaaa,Very easy used fun expand and travel,5,2026-07-24T13:48:58Z,Starling Bank,956806430,ios,gb,en,4.59.0,,False,2026-08-26T07:01:38.480290Z,https://apps.apple.com/gb/app/id956806430
3c537777c258d6b83b6565a2c9f20bdd,"Very good bank. Easy to use, keeps real time tracking of spending.",Great banking,5,2026-07-24T10:22:19Z,Starling Bank,956806430,ios,gb,en,4.59.0,,False,2026-08-26T07:01:38.480290Z,https://apps.apple.com/gb/app/id956806430
3168754a8f9dc4db0bd6bb171846f3ed,"I’ve really been enjoying using Starling and its clean, simple UI. However, every time I try to use it for things beyond just banking it has fallen short every time and I’ve had to look for alternatives.",Good but room for improvement,4,2026-07-24T08:27:54Z,Starling Bank,956806430,ios,gb,en,4.59.0,,False,2026-08-26T07:01:38.480290Z,https://apps.apple.com/gb/app/id956806430
6c50102cd0554b5c31f5935eebdc51f1,Best thing is being able to look up payees quickly and find out how much you have paid them.,Happy customer,5,2026-07-24T08:18:00Z,Starling Bank,956806430,ios,gb,en,4.59.0,,False,2026-08-26T07:01:38.480290Z,https://apps.apple.com/gb/app/id956806430
77dec181852d5e47378701181a3c1cf0,I’ve given this app 5 stars several times but it nevertheless keeps asking for a review - sometimes twice within 5 minutes of being in the app and for this annoyance it gets 1 star. Sort it out Starling!,Stop asking for a review!,5,2026-07-24T08:14:51Z,Starling Bank,956806430,ios,gb,en,4.59.0,,False,2026-08-26T07:01:38.480290Z,https://apps.apple.com/gb/app/id956806430
2e8170b4ffd1737715d960f1b0ec327b,"Excellent service, 5 STAR internet banking , never had an issue 🤩🤩🤩🤩.",You need Starling ⭐⭐⭐⭐ ⭐,5,2026-07-24T07:00:37Z,Starling Bank,956806430,ios,gb,en,4.59.0,,False,2026-08-26T07:01:38.480290Z,https://apps.apple.com/gb/app/id956806430
bebea415600ad3806125b15baa44dfcc,"I must say, this works for me, customer service is fast the banking app itself, easy, it has features such as a heads up of what’s coming are all very helpful, it’s not complicated and whoever designed the app, platform has made it very intuitive for the average person, saving Pots to setting direct debits all very easy and makes banking extremely comfortable.",The bank,5,2026-07-24T04:56:14Z,Starling Bank,956806430,ios,gb,en,4.59.0,,False,2026-08-26T07:01:38.480290Z,https://apps.apple.com/gb/app/id956806430
304a11891474513071bd69b644d6288d,Easiest and most helpful,Best bank,5,2026-07-23T23:51:58Z,Starling Bank,956806430,ios,gb,en,4.59.0,,False,2026-08-26T07:01:38.480290Z,https://apps.apple.com/gb/app/id956806430
cdc9dab1c1a19ef58023fb73454db915,Good,Good,5,2026-07-23T23:17:09Z,Starling Bank,956806430,ios,gb,en,4.59.0,,False,2026-08-26T07:01:38.480290Z,https://apps.apple.com/gb/app/id956806430
f3a228ca7a79ba1c2986736ba7f31984,Been a customer from the very start and I’ll be leaving soon. Layoffs mean there are no longer the staff to complete transactions and customer service is poor. Make a complaint and it’s ignored. Ditch the app. Ditch the account. There are better alternatives.,Diminished app mirroring diminishing banking service,1,2026-07-23T22:51:24Z,Starling Bank,956806430,ios,gb,en,4.59.0,,False,2026-08-26T07:01:38.480290Z,https://apps.apple.com/gb/app/id956806430
988e4ed179d071f7df9c75b3f82fd83b,Everything is so simple to use and keep track of my money and savings and move money around. Customer service are very helpful and responsive,Great banking experience,5,2026-07-23T16:05:08Z,Starling Bank,956806430,ios,gb,en,4.59.0,,False,2026-08-26T07:01:38.480290Z,https://apps.apple.com/gb/app/id956806430
5c3e520a09c32f701ab83673efcc71cd,"Super convenient, ease of use and customer service and service requests are rapid. Love, love,love my starling account",Barclays who?,5,2026-07-23T15:16:43Z,Starling Bank,956806430,ios,gb,en,4.59.0,,False,2026-08-26T07:01:38.480290Z,https://apps.apple.com/gb/app/id956806430
95ce6896e1f8bdb6cbe5992c4d248749,"Love this bank, easy to deal with and a great app",Best bank,5,2026-07-23T13:46:10Z,Starling Bank,956806430,ios,gb,en,4.59.0,,False,2026-08-26T07:01:38.480290Z,https://apps.apple.com/gb/app/id956806430
74c1342bd913a7eeb5fe076fafd5dc1b,"Have tried several times to transfer an amount to my ISA provider which I have done before but it doesn’t go through, even after approving payment. Fed up so will try another bank.",Transferring to ISA provider,3,2026-07-22T19:40:13Z,Starling Bank,956806430,ios,gb,en,4.59.0,,False,2026-08-26T07:01:38.480290Z,https://apps.apple.com/gb/app/id956806430
0c9e20913778d81bd1565acdb98887bc,"Really easy to use, intuitive and quick. High street banks should be taking notes.",Clear,5,2026-07-22T15:31:33Z,Starling Bank,956806430,ios,gb,en,4.59.0,,False,2026-08-26T07:01:38.480290Z,https://apps.apple.com/gb/app/id956806430
d0930b52016cb05524783919fd36a8e0,"I have found Starling to be a great bank to work with. I now do everything on my phone and can often pay bills from the comfort of my armchair at home. The app is intuitive, easy to use, and provides everything I need to manage my finances efficiently. What has impressed me most is how reliable and straightforward the whole experience has been. Payments are quick, account information is clear, and I always feel in control of my money. Overall, Starling has made everyday banking simple, convenient, and stress-free. I would happily recommend it to anyone looking for a modern, user-friendly bank.",Great bank,5,2026-07-22T14:51:34Z,Starling Bank,956806430,ios,gb,en,4.59.0,,False,2026-08-26T07:01:38.480290Z,https://apps.apple.com/gb/app/id956806430
d1de4f24530169a8ea23787bd2ec151d,The app itself is very useful but it just won’t open anymore it loads forever. I’ve updated it but it still won’t load so I can’t see how much money I have which is very hard. So get the app if you’re willing to not be able to open it after about 10 months!,Problems,3,2026-07-22T12:24:19Z,Starling Bank,956806430,ios,gb,en,4.59.0,,False,2026-08-26T07:01:38.480290Z,https://apps.apple.com/gb/app/id956806430
2fce063d5df0a008b886c728041e2a29,"The app is easy to use and makes everyday banking straightforward. The only improvement I’d like to see is interest paid on savings pots, similar to Monzo. If that was introduced it would be a five star rating.",Great app overall,4,2026-07-22T10:37:09Z,Starling Bank,956806430,ios,gb,en,4.59.0,,False,2026-08-26T07:01:38.480290Z,https://apps.apple.com/gb/app/id956806430
0a5b2203b939003cf612a555cd7b8cd3,Have been so happy with Starling and love all the features. The new update is very frustrating though!,Love Starling but not new update!,3,2026-07-22T06:16:23Z,Starling Bank,956806430,ios,gb,en,4.59.0,,False,2026-08-26T07:01:38.480290Z,https://apps.apple.com/gb/app/id956806430
8c2dbbf4c5fa616c70199af705b2b0b0,I always feel secure and safe using starling banking,Trust,5,2026-07-21T17:26:15Z,Starling Bank,956806430,ios,gb,en,4.59.0,,False,2026-08-26T07:01:38.480290Z,https://apps.apple.com/gb/app/id956806430
cf42506e9b71b8358ba3f93c8aca7ae7,"I’ve been with my husband for over 25 years. We moved to Starling and it has helped us so much. Using spaces for saving and budgeting for the big but recurring stuff like cars, insurance, Christmas etc has been life changing.",Using spaces has been life changing,5,2026-07-21T07:29:57Z,Starling Bank,956806430,ios,gb,en,4.58.0,,False,2026-08-26T07:01:38.480290Z,https://apps.apple.com/gb/app/id956806430
9d55a012dc82249892d6312a30c9cc14,"It’s been great most of the time but there’s a few payments I’ve tried to make that have failed to go through and it’s usually the same payees, the money disappears and I stress out until it’s paid or reversed. No real explanation from either side",Great most of the time,3,2026-07-21T06:07:41Z,Starling Bank,956806430,ios,gb,en,4.58.0,,False,2026-08-26T07:01:38.480290Z,https://apps.apple.com/gb/app/id956806430
b77516a7e6c610df7da604ec4afb3630,Easy to use. Great to have the spaces options to keep bills and saving separate,Starling App,5,2026-07-21T05:43:39Z,Starling Bank,956806430,ios,gb,en,4.58.0,,False,2026-08-26T07:01:38.480290Z,https://apps.apple.com/gb/app/id956806430
64c6102793794502e2a36816ab22aa8d,Easy to use,Great,5,2026-07-21T04:37:48Z,Starling Bank,956806430,ios,gb,en,4.58.0,,False,2026-08-26T07:01:38.480290Z,https://apps.apple.com/gb/app/id956806430
e421f421894b30477832497f6a935c12,I continue to have a very easy relationship with the bank and feel my money is safe,Great experience,5,2026-07-20T20:27:10Z,Starling Bank,956806430,ios,gb,en,4.58.0,,False,2026-08-26T07:01:38.480290Z,https://apps.apple.com/gb/app/id956806430
047b7813af5cfa6ec94189ed02766db4,"Simple to use, affordable pricing. Nothing but positive feedback.",Digital VAT,5,2026-07-20T12:13:02Z,Starling Bank,956806430,ios,gb,en,4.58.0,,False,2026-08-26T07:01:38.480290Z,https://apps.apple.com/gb/app/id956806430
52658213454cfe26673f6b342ea66e4d,I have a direct debit with Natwest and my business account and personal account with Starling. Starling banking experience is superior to all the rest,Glyn Williams,5,2026-07-19T12:05:19Z,Starling Bank,956806430,ios,gb,en,4.58.0,,False,2026-08-26T07:01:38.480290Z,https://apps.apple.com/gb/app/id956806430
c5d4bd4faa72db24e7d14d08dc84c4af,Easy to use banking experience. Love it,Very happy,5,2026-07-18T21:51:05Z,Starling Bank,956806430,ios,gb,en,4.58.0,,False,2026-08-26T07:01:38.480290Z,https://apps.apple.com/gb/app/id956806430
3397917e166568e9c05114eb94d85af7,"Has been using starling app since opening an account, absolutely amazing, good work and nice staff, quick response 100% recommendations",Recommended,5,2026-07-18T16:39:35Z,Starling Bank,956806430,ios,gb,en,4.58.0,,False,2026-08-26T07:01:38.480290Z,https://apps.apple.com/gb/app/id956806430
a7fa62913769c74c33f1ab1448a1bf16,Easy quick safe,Stwrho,5,2026-07-18T14:39:57Z,Starling Bank,956806430,ios,gb,en,4.58.0,,False,2026-08-26T07:01:38.480290Z,https://apps.apple.com/gb/app/id956806430
78ad17b907d24fa3477f72a0032bf37b,The best,Best ov the best,5,2026-07-18T12:26:01Z,Starling Bank,956806430,ios,gb,en,4.58.0,,False,2026-08-26T07:01:38.480290Z,https://apps.apple.com/gb/app/id956806430
7511ab5f51edc3cb5b2c6011ca3ff5bb,"I was recently on holiday in Sweden and was trying to pay a friend via Paypal. I tried over and over and failed, which made me look a bit of an idiot. I contacted Starling only to be told that Starling don’t allow Paypal payments. No reason given and seems somewhat ridiculous to me. I am now looking for an alternative bank, having already moved my business account to Alicia Bank.",Could be better,3,2026-07-18T09:33:27Z,Starling Bank,956806430,ios,gb,en,4.58.0,,False,2026-08-26T07:01:38.480290Z,https://apps.apple.com/gb/app/id956806430
39586478188f72a0d5582a727513f609,It’s a good bank. Easy to use and can see everything. Where it is lacking so that it would be good if your scheduled payments could be sorted in date order rather than just A-Z.,Good but could be better,5,2026-07-17T21:44:18Z,Starling Bank,956806430,ios,gb,en,4.58.0,,False,2026-08-26T07:01:38.480290Z,https://apps.apple.com/gb/app/id956806430
0adac7d771f5c28f7caa05febb789aa8,The keep my money and no reply my massage and email this is scam avoid,The keep my money and no reply my massage and email this is scam avoid,1,2026-07-17T21:41:25Z,Starling Bank,956806430,ios,gb,en,4.58.0,,False,2026-08-26T07:01:38.480290Z,https://apps.apple.com/gb/app/id956806430
19fc07a56f97de765a1df8de0a251189,Completely trouble-free banking. So EASY!,Great banking app,5,2026-07-17T18:33:31Z,Starling Bank,956806430,ios,gb,en,4.58.0,,False,2026-08-26T07:01:38.480290Z,https://apps.apple.com/gb/app/id956806430
4affb30d0adf6a9f99722952b90c8055,Highly recommend,Best banking app iv ever used,5,2026-07-17T16:22:34Z,Starling Bank,956806430,ios,gb,en,4.58.0,,False,2026-08-26T07:01:38.480290Z,https://apps.apple.com/gb/app/id956806430
919313f143fe874bf4c915dcf5e15964,Great mobile banking services easy to use and very secure,Great app,5,2026-07-17T15:40:46Z,Starling Bank,956806430,ios,gb,en,4.58.0,,False,2026-08-26T07:01:38.480290Z,https://apps.apple.com/gb/app/id956806430
b0cf930d7b32e50937cd566af030534c,Easy to navigate for the most part.,Easy to use,4,2026-07-17T14:42:02Z,Starling Bank,956806430,ios,gb,en,4.58.0,,False,2026-08-26T07:01:38.480290Z,https://apps.apple.com/gb/app/id956806430
9c797f945735e5e547ed23b5aa06b13d,The best bank account I’ve ever had,Xxx,5,2026-07-17T14:17:26Z,Starling Bank,956806430,ios,gb,en,4.58.0,,False,2026-08-26T07:01:38.480290Z,https://apps.apple.com/gb/app/id956806430
02a76c166f763720bc03c411e663aa39,"Easy access, super fast issue solving, easy online navigation",Fantastic account,5,2026-07-17T13:45:05Z,Starling Bank,956806430,ios,gb,en,4.58.0,,False,2026-08-26T07:01:38.480290Z,https://apps.apple.com/gb/app/id956806430
cbaac6de8a52be0b78201e37eab10da7,Starling is great but PLEASE STOP asking me to rate you after every transaction!!! Too much!,Too many reviews!!,1,2026-07-17T12:54:22Z,Starling Bank,956806430,ios,gb,en,4.58.0,,False,2026-08-26T07:01:38.480290Z,https://apps.apple.com/gb/app/id956806430
e98b71f66af0d808658f88deadc4fc68,"Santander could learn a lot from Starling. Very easy to use app, I like the spaces for my two children’s accounts, plus my own spaces for saving. Great tech, wish I had used it years ago. Also have a business account with Starling. Altogether excellent and 10/10 from me 👍",Fantastic bank,5,2026-07-17T11:01:01Z,Starling Bank,956806430,ios,gb,en,4.58.0,,False,2026-08-26T07:01:38.480290Z,https://apps.apple.com/gb/app/id956806430
3ec10988318e1123dd97d9dab54f07b2,I have been using Starling Business Banking for over 3 years now and can only say it is fantastic. The regular updates and options available make taking and making payments so much easier. Keep going Starling!!,Great Bank!,5,2026-07-17T06:49:00Z,Starling Bank,956806430,ios,gb,en,4.58.0,,False,2026-08-26T07:01:38.480290Z,https://apps.apple.com/gb/app/id956806430
e70e45f50a50e0ddc835d0563bdf4530,Fantastic bank !!,Gift,5,2026-07-16T14:53:17Z,Starling Bank,956806430,ios,gb,en,4.58.0,,False,2026-08-26T07:01:38.480290Z,https://apps.apple.com/gb/app/id956806430
45002d327df703735d961e2716584059,Reliable banking,Safe bank,5,2026-07-16T14:05:54Z,Starling Bank,956806430,ios,gb,en,4.58.0,,False,2026-08-26T07:01:38.480290Z,https://apps.apple.com/gb/app/id956806430
3f1d4170c0c1bd33e53ca55338f30c8a,"Such an easy bank account to use. I have got different spaces for bills, savings, everyday spends etc and know where I am the my spending, also out goings!",Great bank,5,2026-07-16T12:39:52Z,Starling Bank,956806430,ios,gb,en,4.58.0,,False,2026-08-26T07:01:38.480290Z,https://apps.apple.com/gb/app/id956806430
b67c5a63f1f27ad0d5c02de9561e1527,"I called yesterday about a technical issue, the call was answered within a few rings and the person I got was extremely helpful. I was really surprised a bank had such great customer service. Thank you so much! I use quite a few consultants to carry out specialist work and the only category I seem to be able to use for their payments is “admin”. Not a big problem but would be nice to have some other options","Good but categories restrictive, phone support great",5,2026-07-16T09:48:44Z,Starling Bank,956806430,ios,gb,en,4.58.0,,False,2026-08-26T07:01:38.480290Z,https://apps.apple.com/gb/app/id956806430
0cdb96691de3cf359f46eb58058ad982,"Absolutely the best bank I’ve ever had! There is nothing I can criticise them on, good security, easy to use 24-7, excellent round up and spaces accounts, savings account with interest, and so so quick with everything!",Starling Bank,5,2026-07-16T09:30:04Z,Starling Bank,956806430,ios,gb,en,4.58.0,,False,2026-08-26T07:01:38.480290Z,https://apps.apple.com/gb/app/id956806430
016ebc638cf7f8a93af8a4c5c890e8d4,Hard to navigate moving money,Moving money,3,2026-07-16T06:58:44Z,Starling Bank,956806430,ios,gb,en,4.58.0,,False,2026-08-26T07:01:38.480290Z,https://apps.apple.com/gb/app/id956806430
534fc01376bf70bb9abd013b414193d2,Never easy to navigate around this app Should really be more intuitive They don’t seem to learn from other great Banking Apps which is a shame as the product is good I’ve used them for 5 years plus but losing patents with their complacency,Confusing,2,2026-07-16T05:55:22Z,Starling Bank,956806430,ios,gb,en,4.58.0,,False,2026-08-26T07:01:38.480290Z,https://apps.apple.com/gb/app/id956806430
6ab5a66262cb832391a5019280e63fb1,Just upgraded and now can’t see my balance,Latest upgrade buggy,2,2026-07-15T21:28:58Z,Starling Bank,956806430,ios,gb,en,4.58.0,,False,2026-08-26T07:01:38.480290Z,https://apps.apple.com/gb/app/id956806430
52fa6e70e85d33e810a9115a8997e7d4,"I love using Starling, wish it was available back in my day.",So good,5,2026-07-15T14:54:22Z,Starling Bank,956806430,ios,gb,en,4.58.0,,False,2026-08-26T07:01:38.480290Z,https://apps.apple.com/gb/app/id956806430
d44c0bf420c4217820ce264abf71cd7a,"Easy to set-up great app, no fuss, and pays interest! Interest rates could be more competitive though!",Great online banking service,5,2026-07-15T13:13:53Z,Starling Bank,956806430,ios,gb,en,4.58.0,,False,2026-08-26T07:01:38.480290Z,https://apps.apple.com/gb/app/id956806430
687df7b862b0236abef6a8dc2acdd432,"Great Bank ,easy to use.Always informative about new developments.",Starling,5,2026-07-15T07:09:21Z,Starling Bank,956806430,ios,gb,en,4.58.0,,False,2026-08-26T07:01:38.480290Z,https://apps.apple.com/gb/app/id956806430
a920cecd493bbab319567272795ba2fd,App is easy to use love the spaces and spending breakdowns. Excellent customer service via their in app chat too.,Great app great bank!,5,2026-07-14T15:41:24Z,Starling Bank,956806430,ios,gb,en,4.58.0,,False,2026-08-26T07:01:38.480290Z,https://apps.apple.com/gb/app/id956806430
bf2013436eb4ecbe7fd9e4b801b08025,fanks,fank u,5,2026-07-14T15:11:39Z,Starling Bank,956806430,ios,gb,en,4.58.0,,False,2026-08-26T07:01:38.480290Z,https://apps.apple.com/gb/app/id956806430
6a5e166316b9e97b4c6d1cc71cf7bba8,Great,Rana,5,2026-07-14T13:50:47Z,Starling Bank,956806430,ios,gb,en,4.58.0,,False,2026-08-26T07:01:38.480290Z,https://apps.apple.com/gb/app/id956806430
03d7e886d6c183ed87ba77bbb9a77bce,"Everything Starling offers works really well in the app - more convenient than legacy banks. However, my daughter has needed to go to another bank to allow her to use Apple Pay and there are no cash ISA offerings. Sad really as there’s no obvious reason.",Good as far as it goes,3,2026-07-14T12:48:26Z,Starling Bank,956806430,ios,gb,en,4.58.0,,False,2026-08-26T07:01:38.480290Z,https://apps.apple.com/gb/app/id956806430
0fbcae88d23ab4ad84d67ba58f1b95cb,"I love the starling app. I use it for business and pleasure. It’s easy to use and navigate, visually appealing and I love the extras like the savings spaces. I recommend highly!",Perfect nest for your money,5,2026-07-14T12:10:13Z,Starling Bank,956806430,ios,gb,en,4.58.0,,False,2026-08-26T07:01:38.480290Z,https://apps.apple.com/gb/app/id956806430
ff80eb4eb147f84f575dc603db156efe,Best,Dr.mari,5,2026-07-14T11:59:53Z,Starling Bank,956806430,ios,gb,en,4.58.0,,False,2026-08-26T07:01:38.480290Z,https://apps.apple.com/gb/app/id956806430
7aa0113332cb3d1b0030ea1930e91a4f,Excellent and easy to use.,Easy to,5,2026-07-14T11:08:28Z,Starling Bank,956806430,ios,gb,en,4.58.0,,False,2026-08-26T07:01:38.480290Z,https://apps.apple.com/gb/app/id956806430
24446521f7960fdfa2df330900e43466,Was told my cheque will clear at 1830 instead of midnight but then became available at 1204 just after noon,Misleading information,1,2026-07-14T11:06:43Z,Starling Bank,956806430,ios,gb,en,4.58.0,,False,2026-08-26T07:01:38.480290Z,https://apps.apple.com/gb/app/id956806430
ec85be8a872c59d815dbf39bdf2a7e30,The bank has been good but the constant pop up pushing for a review is annoying,Stop trying to force a review,3,2026-07-14T08:41:52Z,Starling Bank,956806430,ios,gb,en,4.58.0,,False,2026-08-26T07:01:38.480290Z,https://apps.apple.com/gb/app/id956806430
36ae29f7a0446f77d09e1dbfca42aab5,the star rating popping up all the time without option to say NO AND dont ask again is very annoying. when i rated one star to express my frustration the review section was pre populated with a glowing review-how pathetic and embarrassing. really bad style or no style at all in fact. sadly the initial good vibe has made place for the usual corporate greed and BS,very annoying,1,2026-07-14T07:44:49Z,Starling Bank,956806430,ios,gb,en,4.58.0,,False,2026-08-26T07:01:38.480290Z,https://apps.apple.com/gb/app/id956806430
9f7c816f6ed0d2c4b1ce876d9d1084a1,Easy to use and good support,Great bank,5,2026-07-14T07:13:07Z,Starling Bank,956806430,ios,gb,en,4.58.0,,False,2026-08-26T07:01:38.480290Z,https://apps.apple.com/gb/app/id956806430
d6d3b46866e93eff6e4682cc5ea19fa5,"I would highly recommend Starting, I love the fact I can keep my savings in separate spaces for different things. Very easy to set up and navigate",Fantastic service,5,2026-07-14T06:56:11Z,Starling Bank,956806430,ios,gb,en,4.58.0,,False,2026-08-26T07:01:38.480290Z,https://apps.apple.com/gb/app/id956806430
5f230101590ab1ba96b9e31b7872e424,"I’ve been with Starling for a number of years and apart from one bad customer service and an annoying time of being offered a savings account but then told there was no availability left, on the whole the app is easy to use",Great banking app,4,2026-07-14T05:54:26Z,Starling Bank,956806430,ios,gb,en,4.58.0,,False,2026-08-26T07:01:38.480290Z,https://apps.apple.com/gb/app/id956806430
ebbf391145467bb507bd07ac49e8161b,"Easy app, easy all round.",Definitely recommend,5,2026-07-13T23:30:11Z,Starling Bank,956806430,ios,gb,en,4.58.0,,False,2026-08-26T07:01:38.480290Z,https://apps.apple.com/gb/app/id956806430
7f9f15d97c7949f696e4c194732d0721,"Should be named the best online bank around ! The customer service knowledge help and reply time are very fast they are kind helpful and polite not like the service from two certain uk banks , will always stick with starling 👍",Im Naming them The best online bank around!,5,2026-07-13T19:56:08Z,Starling Bank,956806430,ios,gb,en,4.58.0,,False,2026-08-26T07:01:38.480290Z,https://apps.apple.com/gb/app/id956806430
95155d8d08e683ed91f7c770c03eaa19,"Starling don’t support fossil fuels, which is a good thing. Clean, straightforward interface and functionality. Only 3 stars because u can’t create custom payment categories, you have to accept the ones provided, which I find are too limited e.g. there is not one for media or utilities. Joint account savings option now provided as a “new” option, but when I requested, it was declined with no reason given??",Good clean banking,3,2026-07-13T18:00:26Z,Starling Bank,956806430,ios,gb,en,4.58.0,,False,2026-08-26T07:01:38.480290Z,https://apps.apple.com/gb/app/id956806430
fe986f05c0b14cd40ce56d26307cc06b,"Very happy with the service , thanks.",Mr Nick Christian,5,2026-07-13T15:58:55Z,Starling Bank,956806430,ios,gb,en,4.58.0,,False,2026-08-26T07:01:38.480290Z,https://apps.apple.com/gb/app/id956806430
fcd994c6ecc3f42c22310aad47405ceb,"Never any issue, easy to use with great customer service",Outstanding,5,2026-07-13T14:51:25Z,Starling Bank,956806430,ios,gb,en,4.58.0,,False,2026-08-26T07:01:38.480290Z,https://apps.apple.com/gb/app/id956806430
