review_id,review_text,review_title,review_rating,review_datetime_utc,application_name,application_id,platform,store_country,store_language,app_version,review_likes,developer_response_present,collection_timestamp_utc,source_url
667cedae33c9f2b75e3f380e096dd9e7,This is without doubt the best bank i have used so simple to navigate through and always keeps you in touch with your finances keep up the great work I would recommend to anyone without doubt,1st class bank,5,2026-07-28T20:32:25Z,Monzo,1052238659,ios,gb,en,7.36.0,,False,2026-08-13T11:01:19.120287Z,https://apps.apple.com/gb/app/id1052238659
da898891e89ca6a0174741e54d943de8,Gud reliable easy banking...,👍,5,2026-07-28T16:17:57Z,Monzo,1052238659,ios,gb,en,7.36.0,,False,2026-08-13T11:01:19.120287Z,https://apps.apple.com/gb/app/id1052238659
3da0928e4abf4c7ead3bd17aa1140ffd,Get paid through monzo is too easy and quick love to use monzo 💕,Payment,5,2026-07-28T15:57:32Z,Monzo,1052238659,ios,gb,en,7.36.0,,False,2026-08-13T11:01:19.120287Z,https://apps.apple.com/gb/app/id1052238659
982933c495bbf1e163cc92f337b397cd,"I’m greatful to Monzo,",Lovely service,5,2026-07-28T15:31:18Z,Monzo,1052238659,ios,gb,en,7.36.0,,False,2026-08-13T11:01:19.120287Z,https://apps.apple.com/gb/app/id1052238659
4a01a4399bfe5ee4fc7b8a5732b8e9a5,I reported a fraud and they close my account 🤡,Scam,1,2026-07-28T11:22:48Z,Monzo,1052238659,ios,gb,en,7.36.0,,False,2026-08-13T11:01:19.120287Z,https://apps.apple.com/gb/app/id1052238659
8dde5f4bb296245f27e21c33b29dd6b1,LOVE LOVE LOVE Monzo. They have changed the way other banks do their thing and have upped everyone’s game! Thank you,Been with Monzo since the start..,5,2026-07-28T07:59:25Z,Monzo,1052238659,ios,gb,en,7.36.0,,False,2026-08-13T11:01:19.120287Z,https://apps.apple.com/gb/app/id1052238659
c005785f234f0a070001355bb66d0368,Love Monzo - being an early adopter I just love the flexibility and the focus for you the customer. I really like that you can pull in your salary before it’s due giving more flexibility.,The best bank!,5,2026-07-27T19:44:43Z,Monzo,1052238659,ios,gb,en,7.36.0,,False,2026-08-13T11:01:19.120287Z,https://apps.apple.com/gb/app/id1052238659
689f89626bb264c7449705be9e32a9ce,"The best banking app, I highly recommend it!",Amazing Monzo,5,2026-07-27T18:01:14Z,Monzo,1052238659,ios,gb,en,7.36.0,,False,2026-08-13T11:01:19.120287Z,https://apps.apple.com/gb/app/id1052238659
832731d4e1225a3b67b68e3c0b8f6e9d,I have never had an issue with Monzo. Quick & efficient. Resolved disputes with vendors quickly & at first touch.,Service And Availability,5,2026-07-27T17:31:59Z,Monzo,1052238659,ios,gb,en,7.36.0,,False,2026-08-13T11:01:19.120287Z,https://apps.apple.com/gb/app/id1052238659
c7addea4287b6b46485d8d65d4f1cac5,Brilliant app and banking!,Corey,5,2026-07-27T16:41:26Z,Monzo,1052238659,ios,gb,en,7.36.0,,False,2026-08-13T11:01:19.120287Z,https://apps.apple.com/gb/app/id1052238659
3eb848d97cf6e8cd68c4a0f63231888a,love it,love it,5,2026-07-27T16:34:24Z,Monzo,1052238659,ios,gb,en,7.36.0,,False,2026-08-13T11:01:19.120287Z,https://apps.apple.com/gb/app/id1052238659
783089417a4e19a3e40e9e2a8a53de4a,Brilliant bank!,James,5,2026-07-27T16:13:09Z,Monzo,1052238659,ios,gb,en,7.36.0,,False,2026-08-13T11:01:19.120287Z,https://apps.apple.com/gb/app/id1052238659
802ac584b312013bb5c384d1d6307f35,Just couldn’t believe it. I got paid a day early from the actual payday from this awesome Monzo service. Just Wow!! This is the edge of Monzo compared to others.,Get paid now feature,5,2026-07-27T15:54:46Z,Monzo,1052238659,ios,gb,en,7.36.0,,False,2026-08-13T11:01:19.120287Z,https://apps.apple.com/gb/app/id1052238659
d203ce7d8587a0d762c675e5f1c4482e,Very refreshing bank,Excellent service,5,2026-07-27T15:51:49Z,Monzo,1052238659,ios,gb,en,7.36.0,,False,2026-08-13T11:01:19.120287Z,https://apps.apple.com/gb/app/id1052238659
f50765c2db94522dce0730491efc43a0,Wouldn’t be with another bank they’re absolutely brilliant,Best bank!!,5,2026-07-27T15:51:18Z,Monzo,1052238659,ios,gb,en,7.36.0,,False,2026-08-13T11:01:19.120287Z,https://apps.apple.com/gb/app/id1052238659
5bb94dc56d8be8637568db1441d85e70,"Great UI, like service",Galina,5,2026-07-27T15:33:36Z,Monzo,1052238659,ios,gb,en,7.36.0,,False,2026-08-13T11:01:19.120287Z,https://apps.apple.com/gb/app/id1052238659
e74ecfe33006cd2d80f008192a3a6da3,Always prompt to resolve issues!,Always prompt,5,2026-07-27T15:29:37Z,Monzo,1052238659,ios,gb,en,7.36.0,,False,2026-08-13T11:01:19.120287Z,https://apps.apple.com/gb/app/id1052238659
c369d7b2bef7d1a52d6e6455c739a2e6,Great bank caters for all my needs,Best bank,5,2026-07-26T20:04:08Z,Monzo,1052238659,ios,gb,en,7.36.0,,False,2026-08-13T11:01:19.120287Z,https://apps.apple.com/gb/app/id1052238659
7287507b035b996e449d7b19151d8952,The app requires ios17 to even download it. This requires an iPhone 16 or newer. I have an iPhone X so am excluded. Doesn’t seem right at all. Sort it out Monzo.,Excluded,1,2026-07-26T15:57:58Z,Monzo,1052238659,ios,gb,en,7.36.0,,False,2026-08-13T11:01:19.120287Z,https://apps.apple.com/gb/app/id1052238659
c3dbfc652a1167fe6498b9907a1eb7cf,Banking online has really changed the way we operate — Monzo offers an innovative way to bank with features that make my life easier.,Revolutionary Banking,5,2026-07-26T08:59:51Z,Monzo,1052238659,ios,gb,en,7.36.0,,False,2026-08-13T11:01:19.120287Z,https://apps.apple.com/gb/app/id1052238659
975ad348525edd20d1362e86efd5fb00,The best bank ever. Only wish they did more than just three months BNPL interest free,Best bank ever,5,2026-07-25T17:17:29Z,Monzo,1052238659,ios,gb,en,7.36.0,,False,2026-08-13T11:01:19.120287Z,https://apps.apple.com/gb/app/id1052238659
09812fbeb6c30d11bfa08024d67aa3c1,"Went out to the shops, added mileage onto my vehicle and inconvenienced myself so I could grab quick groceries and all of a sudden had to turn round once I arrived because nothing on the app would load, couldn’t get any of my money out of my savings pot, no matter where I went the problem wasn’t to do with signal or network issues, the app just simply wouldn’t work, this isn’t the first time something like this has happened either, the amount of bugs and issues in this app is ridiculous for simply trying to access my own money, I’ll be switching banking apps immediately and this is a final straw considering I’ve been with Monzo for coming on 3 years now. Sort your app out.",Absolute trash,1,2026-07-25T16:56:22Z,Monzo,1052238659,ios,gb,en,7.36.0,,False,2026-08-13T11:01:19.120287Z,https://apps.apple.com/gb/app/id1052238659
ac5ef77b6c115b539a6bfc55d4f25766,Brooo I have been tryna log in for so long and she. I try to chat it never responds it thinks I’m ai,Eli,1,2026-07-25T15:15:13Z,Monzo,1052238659,ios,gb,en,7.36.0,,False,2026-08-13T11:01:19.120287Z,https://apps.apple.com/gb/app/id1052238659
518e08f2939bd7ce753b151bd3907127,I love it it’s the best my under 16s card is the best and it doesn’t even break I give this 500 stars,Why it’s good,5,2026-07-24T21:46:03Z,Monzo,1052238659,ios,gb,en,7.36.0,,False,2026-08-13T11:01:19.120287Z,https://apps.apple.com/gb/app/id1052238659
c7df53be61e6bf10b2ba6b52315a666d,Ching noise when someone takes money has saved me loads on unwanted subscriptions,Great internet bank,5,2026-07-24T19:19:54Z,Monzo,1052238659,ios,gb,en,7.36.0,,False,2026-08-13T11:01:19.120287Z,https://apps.apple.com/gb/app/id1052238659
761baff36c81a3e117fcf5b681f3b745,Great app for banking!,Fab,5,2026-07-24T17:40:39Z,Monzo,1052238659,ios,gb,en,7.36.0,,False,2026-08-13T11:01:19.120287Z,https://apps.apple.com/gb/app/id1052238659
6afbe07c1803b63d552d3aa177be9f37,Very good,Money,5,2026-07-24T16:45:06Z,Monzo,1052238659,ios,gb,en,7.36.0,,False,2026-08-13T11:01:19.120287Z,https://apps.apple.com/gb/app/id1052238659
7c4ad6b688745150d9fd49cc68e7ded0,Really easy bank to deal with,User friendly,5,2026-07-24T16:26:40Z,Monzo,1052238659,ios,gb,en,7.36.0,,False,2026-08-13T11:01:19.120287Z,https://apps.apple.com/gb/app/id1052238659
6b7c705832806f606842045c8e2af932,Payment before pay day!,Payment before pay day!,5,2026-07-24T15:31:01Z,Monzo,1052238659,ios,gb,en,7.36.0,,False,2026-08-13T11:01:19.120287Z,https://apps.apple.com/gb/app/id1052238659
9f8d3e7bd6f34bc2179755e0fdcc1f1c,For All That They Do - 'Apps Can't Shout' 😂 x,Loving MONZO 👍🏻,5,2026-07-24T04:46:28Z,Monzo,1052238659,ios,gb,en,7.36.0,,False,2026-08-13T11:01:19.120287Z,https://apps.apple.com/gb/app/id1052238659
0c9694143a280f73ec5427002608879b,I’ve never been able to save monzo has made that possible 🤍,Amazing,5,2026-07-23T18:52:00Z,Monzo,1052238659,ios,gb,en,7.35.0,,False,2026-08-13T11:01:19.120287Z,https://apps.apple.com/gb/app/id1052238659
d888075e5cba4a94dc9ca188d1234197,Great,10/10,5,2026-07-23T18:46:15Z,Monzo,1052238659,ios,gb,en,7.35.0,,False,2026-08-13T11:01:19.120287Z,https://apps.apple.com/gb/app/id1052238659
810c6390e3d71ce1c82ad3c9083576c8,Excellent,Me l Harrison,5,2026-07-23T18:11:24Z,Monzo,1052238659,ios,gb,en,7.35.0,,False,2026-08-13T11:01:19.120287Z,https://apps.apple.com/gb/app/id1052238659
c070a4d77e46b9ed62541524a01366e4,This is the first bank that actually explains things and does actually help when you want it.,Top bank,5,2026-07-23T17:08:18Z,Monzo,1052238659,ios,gb,en,7.35.0,,False,2026-08-13T11:01:19.120287Z,https://apps.apple.com/gb/app/id1052238659
99150437f3846af7e8169fe377221a8a,Love my monzo account would recommend to anyone,Always helpful,5,2026-07-23T17:03:44Z,Monzo,1052238659,ios,gb,en,7.35.0,,False,2026-08-13T11:01:19.120287Z,https://apps.apple.com/gb/app/id1052238659
550f8996a3f6147cba06c0224ae58401,Good Job,My Review,5,2026-07-23T16:49:21Z,Monzo,1052238659,ios,gb,en,7.35.0,,False,2026-08-13T11:01:19.120287Z,https://apps.apple.com/gb/app/id1052238659
5d29a90fe6ed9008365439a3aa00c06a,Good app - good bank - please stop asking me for reviews now,Good,5,2026-07-23T16:15:48Z,Monzo,1052238659,ios,gb,en,7.35.0,,False,2026-08-13T11:01:19.120287Z,https://apps.apple.com/gb/app/id1052238659
4f6fbe4a6bd3b7c89d97dc5651a016e0,I like the option to get paid early for payday a day you expect it to come,Money,5,2026-07-23T15:58:48Z,Monzo,1052238659,ios,gb,en,7.35.0,,False,2026-08-13T11:01:19.120287Z,https://apps.apple.com/gb/app/id1052238659
901ecafda6a8fb086639c3afe776c4b5,Been using Monzo for years early pay day is a great feature,Banking,5,2026-07-23T15:53:16Z,Monzo,1052238659,ios,gb,en,7.35.0,,False,2026-08-13T11:01:19.120287Z,https://apps.apple.com/gb/app/id1052238659
b87f9ebfe31a28c6e48cb9d01f4082c2,This is such a person friendly bank- I’ve NEVER ever had any problems,Love this bank,5,2026-07-23T15:52:57Z,Monzo,1052238659,ios,gb,en,7.35.0,,False,2026-08-13T11:01:19.120287Z,https://apps.apple.com/gb/app/id1052238659
4fbfe58ae381a8c5b2979ef59f5e9197,"First class banking App, one satisfied customer",Exceptional,5,2026-07-23T15:46:46Z,Monzo,1052238659,ios,gb,en,7.35.0,,False,2026-08-13T11:01:19.120287Z,https://apps.apple.com/gb/app/id1052238659
27ab989cf0dff84d481ccc34976781cb,Fast and Reliable,Ralli,5,2026-07-23T15:44:34Z,Monzo,1052238659,ios,gb,en,7.35.0,,False,2026-08-13T11:01:19.120287Z,https://apps.apple.com/gb/app/id1052238659
6c743f3402c6f1439b1803a1ec45b58d,"I have tried banking apps who are meant to secure your finances. However, none of them compare to Monzo. Especially with the quick responses in communication and resolving any issues you may have.",Best banking app,5,2026-07-23T15:40:58Z,Monzo,1052238659,ios,gb,en,7.35.0,,False,2026-08-13T11:01:19.120287Z,https://apps.apple.com/gb/app/id1052238659
5e4ac399277feb595262081c55993363,I’m a minor and I decided to make an account because I really need a bank account for my new job salary. They kept asking me ridiculous questions and I even showed my passport. They refused and said “unfortunately we cannot make an account for you”. I then decided to use my mom’s email and phone number and this time I decided to say I was employed. Still didn’t work!! Please don’t waste your time with Monzo. It probably only works if you’re 18+. Just go to your local bank in your area instead of overrated online stuff!!,Unable to make an account....WAS NOT MY TIME!!,1,2026-07-23T11:58:13Z,Monzo,1052238659,ios,gb,en,7.35.0,,False,2026-08-13T11:01:19.120287Z,https://apps.apple.com/gb/app/id1052238659
e28fc7c40898a3b8494463446e9e73ef,Every time i try purchase something they freeze my card then make up stuff been waiting a day for them to unblock a transaction don’t use Monzo personally would use Revolute,Terrible bank,1,2026-07-23T06:17:24Z,Monzo,1052238659,ios,gb,en,7.35.0,,False,2026-08-13T11:01:19.120287Z,https://apps.apple.com/gb/app/id1052238659
22a612f639d5936e90fc828b1caf7a5a,I really like Monzo because it helps to organise payments etc,Easy to use,5,2026-07-22T15:05:33Z,Monzo,1052238659,ios,gb,en,7.35.0,,False,2026-08-13T11:01:19.120287Z,https://apps.apple.com/gb/app/id1052238659
ccbf1a96646e9a558e1876c5932c4a9c,"Twice I sent payments when recipient gave wrong payment details. For other banks or WISE, mistaken payment will be bounced back immediately. But with Monzo the money was gone and they had no clue what to do so they were not willing to help or refund my money. I had to tell Monzo that I prepared to raise a case with Financial Ombudsman Service (FOS), only then Monzo agreed to give my money back.",kkcat,1,2026-07-21T12:46:38Z,Monzo,1052238659,ios,gb,en,7.35.0,,False,2026-08-13T11:01:19.120287Z,https://apps.apple.com/gb/app/id1052238659
58fef1b596db69ca3ab4c766fa61b006,Honestly a Great Simple Banking system.,Mr,5,2026-07-20T15:35:08Z,Monzo,1052238659,ios,gb,en,7.35.0,,False,2026-08-13T11:01:19.120287Z,https://apps.apple.com/gb/app/id1052238659
a667f67f1931e3f751bce926cbfe9318,Good bank,Monzo,5,2026-07-20T15:31:21Z,Monzo,1052238659,ios,gb,en,7.35.0,,False,2026-08-13T11:01:19.120287Z,https://apps.apple.com/gb/app/id1052238659
1d7197fad3dd1676efa1014ee14a5988,I was so unsure of changing banks as I’m a stick with what you know kind of person and I had been with my current bank for over 20 years I’m so glad I did it’s been the easiest banking I have ever done well done to the Monzo banking,Banking made easy,5,2026-07-20T15:29:36Z,Monzo,1052238659,ios,gb,en,7.35.0,,False,2026-08-13T11:01:19.120287Z,https://apps.apple.com/gb/app/id1052238659
10fd4fc1fa306d68c5abb35a7f52b205,Best bank!!!!,ADHD_GIRLE,5,2026-07-20T15:19:01Z,Monzo,1052238659,ios,gb,en,7.35.0,,False,2026-08-13T11:01:19.120287Z,https://apps.apple.com/gb/app/id1052238659
ee40490b5f96083dd6ef55ee73b6ce28,"Fantastic App. Have both my Business & Personal accounts with them & they’re everything I could want & more really. Great rates, clear & straightforward platforms & transfers between my two accounts are seamless. Excellent job Monzo! 😊👍🏼",Fantastic App,5,2026-07-19T18:38:09Z,Monzo,1052238659,ios,gb,en,7.35.0,,False,2026-08-13T11:01:19.120287Z,https://apps.apple.com/gb/app/id1052238659
96dae0e6ce01d4b9f20eb73fe212f064,Fantastic company no issues,Top banking,5,2026-07-19T16:33:54Z,Monzo,1052238659,ios,gb,en,7.35.0,,False,2026-08-13T11:01:19.120287Z,https://apps.apple.com/gb/app/id1052238659
2a287286d794116c637ac86d934f23ee,After review number 67 lion messy covered his mouth desiscion is penalty,Coles left cheesy toes,1,2026-07-19T15:50:18Z,Monzo,1052238659,ios,gb,en,7.35.0,,False,2026-08-13T11:01:19.120287Z,https://apps.apple.com/gb/app/id1052238659
0afa5c8f30b6f5b980e5b81ab079f3bb,I can’t update,Help,5,2026-07-18T12:32:05Z,Monzo,1052238659,ios,gb,en,7.35.0,,False,2026-08-13T11:01:19.120287Z,https://apps.apple.com/gb/app/id1052238659
a676e22fcc5e7373060f1d8608ae16e0,Absolutely love Monzo. The split pots are amazing and so much easier to keep on track of everything. !!!!,The best bank,5,2026-07-18T11:00:44Z,Monzo,1052238659,ios,gb,en,7.35.0,,False,2026-08-13T11:01:19.120287Z,https://apps.apple.com/gb/app/id1052238659
2721ec23173254dc5b278c911e4c9b5a,Best app bank,Monzo,5,2026-07-17T18:11:21Z,Monzo,1052238659,ios,gb,en,7.35.0,,False,2026-08-13T11:01:19.120287Z,https://apps.apple.com/gb/app/id1052238659
cd9662ad1881255fb6f5e833e3e34a55,Had Monzo years now and it’s the best bank - had a few fraudulent issues and have sorted them within an hour and refunded the money. Never had an issue with them and would never leave. Couldn’t recommend more.,Best Bank,5,2026-07-17T16:21:55Z,Monzo,1052238659,ios,gb,en,7.35.0,,False,2026-08-13T11:01:19.120287Z,https://apps.apple.com/gb/app/id1052238659
dc9327037092caa7b2e0b0bab7efabff,I have this bank for ages ... I have recently been through a couple of scams about I have reported this to the bank and had proof but still not they have said no evidence so I can’t get my money back .. this has happened couple of times now 🤬🤬🤬,Bad bank,1,2026-07-17T14:38:59Z,Monzo,1052238659,ios,gb,en,7.35.0,,False,2026-08-13T11:01:19.120287Z,https://apps.apple.com/gb/app/id1052238659
69593b21573c188afb8c1590a2cce83b,Goood,Goood,5,2026-07-17T06:41:57Z,Monzo,1052238659,ios,gb,en,7.35.0,,False,2026-08-13T11:01:19.120287Z,https://apps.apple.com/gb/app/id1052238659
21ce3903c2648b706b67e2b78f421648,Poor experience if you happen to withdraw more money in one go. Need to switch to normal bank,Poor,1,2026-07-16T22:51:51Z,Monzo,1052238659,ios,gb,en,7.35.0,,False,2026-08-13T11:01:19.120287Z,https://apps.apple.com/gb/app/id1052238659
93835e7406357e5b962a91c592d7efe8,Great idea,Amazing,5,2026-07-16T18:30:30Z,Monzo,1052238659,ios,gb,en,7.35.0,,False,2026-08-13T11:01:19.120287Z,https://apps.apple.com/gb/app/id1052238659
d61310cd8b3f94bf8ee453f6a18a44d2,I was introduced to Monzo by my Daughter best thing I’ve done in years I’ve closed down my other bank after55 years. So simple to use I actually love it 🫶🫶,Great Bank,5,2026-07-16T18:05:18Z,Monzo,1052238659,ios,gb,en,7.35.0,,False,2026-08-13T11:01:19.120287Z,https://apps.apple.com/gb/app/id1052238659
86fd1ae2c7e5c2803d2d5c09e02407ac,I’m in love with your services,Engineer,5,2026-07-16T17:19:33Z,Monzo,1052238659,ios,gb,en,7.35.0,,False,2026-08-13T11:01:19.120287Z,https://apps.apple.com/gb/app/id1052238659
017b6c05839298ff3daef34e0a7ec52a,Works great but sometimes hard to find things,Easiest bank and user friendly app,5,2026-07-16T17:07:43Z,Monzo,1052238659,ios,gb,en,7.35.0,,False,2026-08-13T11:01:19.120287Z,https://apps.apple.com/gb/app/id1052238659
40bcc039a25ce0d598f38e0ba55b4912,Best feature ever! So insightful.,Get paid Now,5,2026-07-16T16:10:28Z,Monzo,1052238659,ios,gb,en,7.35.0,,False,2026-08-13T11:01:19.120287Z,https://apps.apple.com/gb/app/id1052238659
fcc3badd115790f8f610b64d9f1b1850,Splendid,Excellent,5,2026-07-16T15:39:53Z,Monzo,1052238659,ios,gb,en,7.35.0,,False,2026-08-13T11:01:19.120287Z,https://apps.apple.com/gb/app/id1052238659
f9441e68e808358dff338807fec7fe53,"Monzo is one of the best accounts I’ve ever had. Everything about the app is easily accessible, making banking simpler. My favourite bit about the app is being able to have incoming bank transfers released nearly a day earlier. For example, when you see your wages coming into your account, you can request the money after 4pm the day before 🙌🏼 Wish all banks did this.",Life is much simpler 😊,5,2026-07-16T15:37:54Z,Monzo,1052238659,ios,gb,en,7.35.0,,False,2026-08-13T11:01:19.120287Z,https://apps.apple.com/gb/app/id1052238659
0d46598c1d3dee5f1bf9acd482985a79,I’ve been with Monzo since 2018 and since then they have and still are miles ahead of the average high street bank.,They are just ace!,5,2026-07-16T15:18:03Z,Monzo,1052238659,ios,gb,en,7.35.0,,False,2026-08-13T11:01:19.120287Z,https://apps.apple.com/gb/app/id1052238659
f49ebb530bde7f8f96b9429699b0997a,"I’m 74 so I have had many banks over the years and Monzo is the best, by a mile.",Best bank ever,5,2026-07-16T15:16:16Z,Monzo,1052238659,ios,gb,en,7.35.0,,False,2026-08-13T11:01:19.120287Z,https://apps.apple.com/gb/app/id1052238659
76577ad76efe429076ce8f08f5a44812,Brilliant,Brilliant,5,2026-07-15T16:14:53Z,Monzo,1052238659,ios,gb,en,7.34.0,,False,2026-08-13T11:01:19.120287Z,https://apps.apple.com/gb/app/id1052238659
21ff7547dae704d4c450cbb5d3d33345,5/5,The best online banking,5,2026-07-15T16:04:27Z,Monzo,1052238659,ios,gb,en,7.34.0,,False,2026-08-13T11:01:19.120287Z,https://apps.apple.com/gb/app/id1052238659
4958faaa90c02fc8c09ccd937ca6c676,Good,Monzo,5,2026-07-15T15:17:52Z,Monzo,1052238659,ios,gb,en,7.34.0,,False,2026-08-13T11:01:19.120287Z,https://apps.apple.com/gb/app/id1052238659
b4c0a15b1c3b98dde346ab56b19a6541,Absolutely love Monzo referred so many of my friends,My favourite!,5,2026-07-15T15:00:50Z,Monzo,1052238659,ios,gb,en,7.34.0,,False,2026-08-13T11:01:19.120287Z,https://apps.apple.com/gb/app/id1052238659
86eb5996bd1dcc2ab9f97e77bc460cc5,"There’s even a book of money by Monzo, which gives really helpful info - much of which I now know, but great info on managing finances.",I use Monzo every day,5,2026-07-15T10:46:57Z,Monzo,1052238659,ios,gb,en,7.34.0,,False,2026-08-13T11:01:19.120287Z,https://apps.apple.com/gb/app/id1052238659
313651e6f52f6af1551678e4c83d8f1b,Great banking,Great,5,2026-07-15T10:22:40Z,Monzo,1052238659,ios,gb,en,7.34.0,,False,2026-08-13T11:01:19.120287Z,https://apps.apple.com/gb/app/id1052238659
99f32d36a86ed8c51d07e827a9499396,"Monzo is single-handedly the best bank in 2026. It is so intuitive, so financially intelligent, easy to use, and actually makes money and finance and accounts enjoyable. Love the interface as well, very engaging, and I love all the little quirks that give such value. Such a serious contender. Monzo in the modern market, highly recommend",Cannot be beaten,5,2026-07-15T09:30:01Z,Monzo,1052238659,ios,gb,en,7.34.0,,False,2026-08-13T11:01:19.120287Z,https://apps.apple.com/gb/app/id1052238659
ebf8f570722a77837817c4ed760266cf,Simply brilliant,Monzo,5,2026-07-14T23:11:35Z,Monzo,1052238659,ios,gb,en,7.34.0,,False,2026-08-13T11:01:19.120287Z,https://apps.apple.com/gb/app/id1052238659
d002a4b316fcc66ed22cb84bc67527b7,"I am using it for last 2 years it’s overall good not very good.. a fraudulent activity was made on my account hard to reach the customer support, reply was delayed and money is still not back into my account They said money will be transferred back.",Sana,3,2026-07-14T19:47:17Z,Monzo,1052238659,ios,gb,en,7.34.0,,False,2026-08-13T11:01:19.120287Z,https://apps.apple.com/gb/app/id1052238659
044c6c4fbbfcf03a7bf2a9aee1891d7d,Its peak,Well good mush,5,2026-07-14T18:10:08Z,Monzo,1052238659,ios,gb,en,7.34.0,,False,2026-08-13T11:01:19.120287Z,https://apps.apple.com/gb/app/id1052238659
135781a373e78165d77e5d6a538d8793,It’s really amazing getting paid a day to your pay day... The last day is like forever.,Amazing.,5,2026-07-14T16:52:00Z,Monzo,1052238659,ios,gb,en,7.34.0,,False,2026-08-13T11:01:19.120287Z,https://apps.apple.com/gb/app/id1052238659
3fc828649dac1173ce3b9b4b6340243c,Best one,Best,5,2026-07-14T16:36:40Z,Monzo,1052238659,ios,gb,en,7.34.0,,False,2026-08-13T11:01:19.120287Z,https://apps.apple.com/gb/app/id1052238659
5c8824581552862ff5b7b4a995bd5d93,"I really like how Monzo makes it super simple to save money, manage my finances, and keep all my financial info in one place.",Banking made simple,5,2026-07-14T16:11:21Z,Monzo,1052238659,ios,gb,en,7.34.0,,False,2026-08-13T11:01:19.120287Z,https://apps.apple.com/gb/app/id1052238659
81182c2fed8ef59941f5f48529009c69,"Been with Monzo for last 4 years, not one bad experience so far. The 1 day early salary withdraw is a life saver. Cant think of moving my account to anyone else. Wish other high-street banks were like Monzo.",The best money app out there,5,2026-07-14T16:05:23Z,Monzo,1052238659,ios,gb,en,7.34.0,,False,2026-08-13T11:01:19.120287Z,https://apps.apple.com/gb/app/id1052238659
7c33251a57d1ae986cdc6d4d20488287,Great,Great app,5,2026-07-14T15:39:02Z,Monzo,1052238659,ios,gb,en,7.34.0,,False,2026-08-13T11:01:19.120287Z,https://apps.apple.com/gb/app/id1052238659
8873185d3f5fa79066708eba663e737e,This is a great service would recommend it to anyone,Nobody,5,2026-07-14T15:35:33Z,Monzo,1052238659,ios,gb,en,7.34.0,,False,2026-08-13T11:01:19.120287Z,https://apps.apple.com/gb/app/id1052238659
b90809faa24d9797603649501c5472aa,Excellent bank with excellent fast friendly customer service,Review,5,2026-07-14T15:16:19Z,Monzo,1052238659,ios,gb,en,7.34.0,,False,2026-08-13T11:01:19.120287Z,https://apps.apple.com/gb/app/id1052238659
aa98abab8e7903fa58b43dd314ef93d3,Super well,Good,5,2026-07-13T22:01:07Z,Monzo,1052238659,ios,gb,en,7.34.0,,False,2026-08-13T11:01:19.120287Z,https://apps.apple.com/gb/app/id1052238659
e1a0951d594105fd3a0ec98a20bbe0fd,Fantastic And don’t forget it’s brilliant taking it abroad,Mr Goffee,5,2026-07-13T15:37:12Z,Monzo,1052238659,ios,gb,en,7.34.0,,False,2026-08-13T11:01:19.120287Z,https://apps.apple.com/gb/app/id1052238659
30b8038e03e492d019e992078499ca9a,It’s a scam app please I even hate the fact that Snapchat keeps on sending me its ads like don’t get me started it’s not a genuine bank or app,Scam,1,2026-07-12T21:29:26Z,Monzo,1052238659,ios,gb,en,7.34.0,,False,2026-08-13T11:01:19.120287Z,https://apps.apple.com/gb/app/id1052238659
0db6bf553d7228214bf2dbebe8c5af0a,Monzo ok.,Monzo ok,5,2026-07-12T18:49:57Z,Monzo,1052238659,ios,gb,en,5.97.0,,False,2026-08-13T11:01:19.120287Z,https://apps.apple.com/gb/app/id1052238659
d1e20dbcd865d503450aacd26cec8fb8,"I love Monzo, the easiest way to keep an eye on your money, save and split bills!",The best!,5,2026-07-12T08:23:49Z,Monzo,1052238659,ios,gb,en,7.34.0,,False,2026-08-13T11:01:19.120287Z,https://apps.apple.com/gb/app/id1052238659
6cd4f663b591ff26a865cdc6a03bddc5,So smart can not use your app anymore my phone to old I phone 7 I don’t understand why I should have to buy another phone,Simon o’keeffe,1,2026-07-11T21:49:59Z,Monzo,1052238659,ios,gb,en,6.51.0,,False,2026-08-13T11:01:19.120287Z,https://apps.apple.com/gb/app/id1052238659
d601784273ec81a9fe135aa7bd20a9e1,Good app,Monzo,5,2026-07-11T17:40:24Z,Monzo,1052238659,ios,gb,en,7.34.0,,False,2026-08-13T11:01:19.120287Z,https://apps.apple.com/gb/app/id1052238659
3b51c5a4ce6ca4c682fe62651a5e3d0e,Love Monzo it offers so much.,Fantastic banking,1,2026-07-11T05:44:01Z,Monzo,1052238659,ios,gb,en,7.34.0,,False,2026-08-13T11:01:19.120287Z,https://apps.apple.com/gb/app/id1052238659
5c7dacdddaf10164b746bc4d29c64a90,Amazing app and easy to manage your money,Fantastic,4,2026-07-10T18:42:10Z,Monzo,1052238659,ios,gb,en,7.34.0,,False,2026-08-13T11:01:19.120287Z,https://apps.apple.com/gb/app/id1052238659
01800facbfa2ba68bf5e21ba8357b72e,"I would just like to say that in my opinion Monzo bank is the best bank I’ve ever dealt with. Monzo is straightforward and extremely helpful, unless they closed down I see no reason that I would ever leave them, thank goodness for a straightforward honest easy to use helpful bank.",Monzo review,5,2026-07-10T18:41:42Z,Monzo,1052238659,ios,gb,en,7.34.0,,False,2026-08-13T11:01:19.120287Z,https://apps.apple.com/gb/app/id1052238659
04ad23fa8b29d114dbc4d8105d482c05,Love the app but it keeps on logging me out of my account and it just gets so anno having to log back in everytime,Please fix this,3,2026-07-10T16:45:49Z,Monzo,1052238659,ios,gb,en,7.34.0,,False,2026-08-13T11:01:19.120287Z,https://apps.apple.com/gb/app/id1052238659
824e3a0aa9b4a55047758996bdb7f332,Excellent and easy,Mr,5,2026-07-10T16:23:53Z,Monzo,1052238659,ios,gb,en,7.34.0,,False,2026-08-13T11:01:19.120287Z,https://apps.apple.com/gb/app/id1052238659
e062127d8873342ce70b194587c5caca,Amazing,Amazing,5,2026-07-10T16:00:43Z,Monzo,1052238659,ios,gb,en,7.34.0,,False,2026-08-13T11:01:19.120287Z,https://apps.apple.com/gb/app/id1052238659
db6c0f1ee43893a3044e752d774a4d4f,"I use Monzo banking for personal & business, it’s just so easy when you are mobile, out & about working. It allows you to do so much within the banking app & all instantly from my phone. Love it!",Best Bank Ever!,5,2026-07-10T15:15:36Z,Monzo,1052238659,ios,gb,en,7.34.0,,False,2026-08-13T11:01:19.120287Z,https://apps.apple.com/gb/app/id1052238659
265244aac03034a405e1319482718db0,Excellent,Service,5,2026-07-10T15:10:30Z,Monzo,1052238659,ios,gb,en,7.34.0,,False,2026-08-13T11:01:19.120287Z,https://apps.apple.com/gb/app/id1052238659
6cf52bba40388dd2e0b091e22d35ca95,I am very disappointed of Monzo put us to buy a new phone with the new update.😡,Disappointed,1,2026-07-09T21:22:35Z,Monzo,1052238659,ios,gb,en,7.34.0,,False,2026-08-13T11:01:19.120287Z,https://apps.apple.com/gb/app/id1052238659
5f9db8fc46aa2050f57f80aeee2cd9ff,Missing more options investing wise but overall great,All good,5,2026-07-09T18:25:34Z,Monzo,1052238659,ios,gb,en,7.34.0,,False,2026-08-13T11:01:19.120287Z,https://apps.apple.com/gb/app/id1052238659
7c75d625cead8c1e367423bed6d2aba5,The best bank in the world !,Monzo,5,2026-07-09T17:31:39Z,Monzo,1052238659,ios,gb,en,7.34.0,,False,2026-08-13T11:01:19.120287Z,https://apps.apple.com/gb/app/id1052238659
83de5d4118cbad75f61226f181238b26,Love this bank,My money,5,2026-07-09T17:16:33Z,Monzo,1052238659,ios,gb,en,7.34.0,,False,2026-08-13T11:01:19.120287Z,https://apps.apple.com/gb/app/id1052238659
058bb85865adbd3b4f9335444d4f8e5c,I love you,Monzo,5,2026-07-09T16:45:05Z,Monzo,1052238659,ios,gb,en,7.34.0,,False,2026-08-13T11:01:19.120287Z,https://apps.apple.com/gb/app/id1052238659
b9d3be9868ec226fcc0824248e9f5000,Wouldn’t work wherever I went on holiday but worked offline on the plane.,Let me down on holiday,1,2026-07-08T20:20:56Z,Monzo,1052238659,ios,gb,en,7.33.0,,False,2026-08-13T11:01:19.120287Z,https://apps.apple.com/gb/app/id1052238659
945c73e606df5a63335e359ccc66f48c,"As mentioned, the app is brilliant. Really well thought out and always has a creative way of offering insightful information and fosters good habits like the penny challenge. My only point for improvement is that I wish there was the option for flex payments to default to “pay in 3, interest free” rather than needing to select it for every transaction. Otherwise, the app is really good, borderline fun to use.","Exceptional, my only improvement is..",5,2026-07-08T18:42:25Z,Monzo,1052238659,ios,gb,en,7.33.0,,False,2026-08-13T11:01:19.120287Z,https://apps.apple.com/gb/app/id1052238659
609a9f5690cb531422866448017cfd24,easy to use and really helpful thanks Monzo,Monzo,4,2026-07-08T17:49:24Z,Monzo,1052238659,ios,gb,en,7.33.0,,False,2026-08-13T11:01:19.120287Z,https://apps.apple.com/gb/app/id1052238659
8a4db8c4eeab6a0cb60c0e4ac774aca0,Finally switched full time to Monzo after previously only really using it when abroad. Zero regrets. Such an amazing UI vs the old clunky British banks!,Zero regrets,5,2026-07-08T17:34:09Z,Monzo,1052238659,ios,gb,en,7.33.0,,False,2026-08-13T11:01:19.120287Z,https://apps.apple.com/gb/app/id1052238659
3741fb5c87fc6cfd0d479a6152bfb167,"Worst banking app I have used I originally started using this app for the special feature of putting money into saving pots. At first it was a really good app to save with so then I opened my daughter a under 16s account and then both of us got locked out and face identification does not work and all they say we can do is do the video identification check which hasn’t worked for months now, my daughter who is now 16 and can have her own account money is locked away I have also tried multiple times to completely close both accounts but seems like Monzo communication as a bank are limited and it’s all online. The adverts for Monzo across everywhere are better than the actual app. DO NOT BANK WITH MONZO.",Do not bank with Monzo,1,2026-07-08T09:10:22Z,Monzo,1052238659,ios,gb,en,7.33.0,,False,2026-08-13T11:01:19.120287Z,https://apps.apple.com/gb/app/id1052238659
c402a2dbdcef56325065453132d88440,MONZO is a very trust worthy bank. I’ve had my account with them for nearly a year now and have never had any problems before. Highly recommend ☺️☺️,100% recommend,5,2026-07-07T23:12:17Z,Monzo,1052238659,ios,gb,en,7.33.0,,False,2026-08-13T11:01:19.120287Z,https://apps.apple.com/gb/app/id1052238659
7eba0050236b2e047e42642eb07cf92a,Without monzo I will be not in stage in my life that I am currently now. It’s best banking app that I ever have.,A saver,5,2026-07-07T17:04:32Z,Monzo,1052238659,ios,gb,en,7.33.0,,False,2026-08-13T11:01:19.120287Z,https://apps.apple.com/gb/app/id1052238659
2b0a786604aa4a686a17f59609c588e4,This company breaches your personal data and is a security risk as it has back door actions with the uk gov and tracks your accounts etc and reports this to dwp As well as restricts your ability to use cash and services Not used any more,Security risk and breach personal data,1,2026-07-07T17:00:22Z,Monzo,1052238659,ios,gb,en,7.33.0,,False,2026-08-13T11:01:19.120287Z,https://apps.apple.com/gb/app/id1052238659
972f8dfcf35bea999c0a4c220a339fa5,Love this bank! Get payments early! Always easy to use!,Brilliant bank!,5,2026-07-07T16:20:38Z,Monzo,1052238659,ios,gb,en,7.33.0,,False,2026-08-13T11:01:19.120287Z,https://apps.apple.com/gb/app/id1052238659
2110e2aefe697e986505167488aa2bbe,"Banked with monzo since 2019 and it has grown so much, I have a Max account and it is worth every penny. I’m looking forward to the mobile roll out!",Great account!!,5,2026-07-07T15:18:48Z,Monzo,1052238659,ios,gb,en,7.33.0,,False,2026-08-13T11:01:19.120287Z,https://apps.apple.com/gb/app/id1052238659
504eb54b3dd91c431c53b076906f0196,Best bank I have been with. Would never go anywhere else.,5 star review for monzo,5,2026-07-07T15:15:28Z,Monzo,1052238659,ios,gb,en,7.33.0,,False,2026-08-13T11:01:19.120287Z,https://apps.apple.com/gb/app/id1052238659
90545189e5c5e3783f4fc8e430740756,"Very good bank, swift to refund after being scammed, app is very easy to use",Monzo review,5,2026-07-07T15:09:52Z,Monzo,1052238659,ios,gb,en,7.33.0,,False,2026-08-13T11:01:19.120287Z,https://apps.apple.com/gb/app/id1052238659
51a8cebb912f5f05517e894f45fbca2c,Great,Great,5,2026-07-07T15:02:11Z,Monzo,1052238659,ios,gb,en,7.33.0,,False,2026-08-13T11:01:19.120287Z,https://apps.apple.com/gb/app/id1052238659
dc0892e01f98e920932a0f737ee0e0a2,Good,Good,5,2026-07-06T23:15:45Z,Monzo,1052238659,ios,gb,en,7.33.0,,False,2026-08-13T11:01:19.120287Z,https://apps.apple.com/gb/app/id1052238659
0c0ed81a17e3cd66cccf30186a0f1c54,I love Monzo app,Excellent,5,2026-07-06T18:20:57Z,Monzo,1052238659,ios,gb,en,7.33.0,,False,2026-08-13T11:01:19.120287Z,https://apps.apple.com/gb/app/id1052238659
e7cb3d8fa820954de8a6f22235b2234c,"Being given the option to get your money paid a day early by putting you in the process to accept the option and then interactively drag n drop the experience is a bit special. Having been with Monzo for nearly 10 years, they keep raising the bar. Well done!",App Tech UI.,5,2026-07-06T16:20:03Z,Monzo,1052238659,ios,gb,en,7.33.0,,False,2026-08-13T11:01:19.120287Z,https://apps.apple.com/gb/app/id1052238659
a1ab31ab167ec02b9bec2fe342d70e1b,Great bank love using them,App,5,2026-07-06T15:10:12Z,Monzo,1052238659,ios,gb,en,7.33.0,,False,2026-08-13T11:01:19.120287Z,https://apps.apple.com/gb/app/id1052238659
6c52d5d6f1fbd6821ecca64c1922fa40,Best bank I’ve ever been with. I was a little worried at first due to it being online only. I don’t know why I was worried. It’s been brilliant. I recommend this bank 1 million percent.,Amazing bank,5,2026-07-06T15:08:53Z,Monzo,1052238659,ios,gb,en,7.33.0,,False,2026-08-13T11:01:19.120287Z,https://apps.apple.com/gb/app/id1052238659
88672ab96ba625d923c5731295715a68,Best,Yhh,5,2026-07-06T15:04:57Z,Monzo,1052238659,ios,gb,en,7.33.0,,False,2026-08-13T11:01:19.120287Z,https://apps.apple.com/gb/app/id1052238659
2155d3e86f996f08ed1b47bcae467975,The app requires iOS 17 so I can’t use the App on my phone. There was nothing to say this until I tried to download the app. So I am not exactly delighted.,Requires iOS 17,1,2026-07-06T14:01:48Z,Monzo,1052238659,ios,gb,en,7.33.0,,False,2026-08-13T11:01:19.120287Z,https://apps.apple.com/gb/app/id1052238659
a5c149db2c4ba3599c7753c975198c9b,Monzo is a great example of something done right. They have thought of almost everything we want as a customer and they seem to keep pumping out great services. I hate most companies to be honest. They just want our money and that’s all it feels like. But Monzo just delivers over and over again,Best decision,5,2026-07-05T13:56:09Z,Monzo,1052238659,ios,gb,en,7.33.0,,False,2026-08-13T11:01:19.120287Z,https://apps.apple.com/gb/app/id1052238659
4f5134299f1d89a9e1e715db777ba9c8,I didn’t receive the bonus for joining neither did my friend,Refer a friend,1,2026-07-04T12:20:27Z,Monzo,1052238659,ios,gb,en,7.33.0,,False,2026-08-13T11:01:19.120287Z,https://apps.apple.com/gb/app/id1052238659
7ac015f82c269f633778dab93cbd4df8,"Super easy to use the app and transferring money is hassle free, it is a game changer",Incredibly easy to use,5,2026-07-04T10:37:40Z,Monzo,1052238659,ios,gb,en,7.33.0,,False,2026-08-13T11:01:19.120287Z,https://apps.apple.com/gb/app/id1052238659
0ffa86162e499d5f1e32f39806fb8ae8,Exceptional banking x,Me,5,2026-07-04T09:22:52Z,Monzo,1052238659,ios,gb,en,7.33.0,,False,2026-08-13T11:01:19.120287Z,https://apps.apple.com/gb/app/id1052238659
3030b4a3df02e42bd49c263f94d79b98,"Got scammed twice, never got the money back, if you use their credit card consider the risk that they won’t refund you like Amex, so I’ve solved it by getting another credit card in a real bank","Never got the money back, twice!!",1,2026-07-04T08:46:40Z,Monzo,1052238659,ios,gb,en,7.33.0,,False,2026-08-13T11:01:19.120287Z,https://apps.apple.com/gb/app/id1052238659
65012fe2a30a4e7196ef6ff81b917847,"My partner took out a loan and transferred the funds to me so I could pay off my existing debts in my home country and provide financial support to both of our families. Because of the amount, my transfer was flagged and placed on hold. I immediately submitted the loan agreement and proof that the funds came from my partner. Despite providing everything they requested, my account is still on hold. I was told they would let me know their decision, but it's now been five days. Every time I contact customer support, I receive the same generic response, with no updates and no clear timeline. The most frustrating part is that while my money is being held, I'm the one who will have to deal with the consequences. I'll be charged interest for late payments on debts that I was ready to settle, simply because I cannot access my own funds. Those extra costs won't be covered by the bank. This experience has been incredibly disappointing. Poor customer service, a lack of transparency, and no one seems willing to help or provide meaningful updates. Based on my experience, I cannot recommend using Monzo. I hope no one else has to go through this.",WARNING,1,2026-07-03T23:46:01Z,Monzo,1052238659,ios,gb,en,7.33.0,,False,2026-08-13T11:01:19.120287Z,https://apps.apple.com/gb/app/id1052238659
f8af434bc45fb1abb046e8af4944f07b,Amazing,5*,5,2026-07-03T18:59:07Z,Monzo,1052238659,ios,gb,en,7.33.0,,False,2026-08-13T11:01:19.120287Z,https://apps.apple.com/gb/app/id1052238659
d5983b0bdc02b2eb7fea9d601b916177,Fantastic service - always - efficient and very responsive. First class.,Helpful,5,2026-07-03T17:26:24Z,Monzo,1052238659,ios,gb,en,7.33.0,,False,2026-08-13T11:01:19.120287Z,https://apps.apple.com/gb/app/id1052238659
b01fc8748fd442cd7ff97b23cf042521,"I’m loving the easy account change over from another bank and using Monzo banking app, it is a pleasure to see how little money I have every day😆😆",Keep referring to friends,5,2026-07-03T16:44:58Z,Monzo,1052238659,ios,gb,en,7.33.0,,False,2026-08-13T11:01:19.120287Z,https://apps.apple.com/gb/app/id1052238659
5c0f2043dea138ec2a576043909fefa8,Easy to use and on our side love this bank,The best bank!,5,2026-07-03T16:25:24Z,Monzo,1052238659,ios,gb,en,7.33.0,,False,2026-08-13T11:01:19.120287Z,https://apps.apple.com/gb/app/id1052238659
d4b10d64c7f96b57cce9724c713334d1,Best bank account ever!!! I enjoy the app and it’s stress free. It’s very easy to use and to put all your old pensions into one place is fantastic!!!!! Love everything about this app ♥️♥️♥️♥️♥️♥️,Happy customer,5,2026-07-03T15:35:46Z,Monzo,1052238659,ios,gb,en,7.33.0,,False,2026-08-13T11:01:19.120287Z,https://apps.apple.com/gb/app/id1052238659
6f4f314a988d99e7c608d9add19423fa,Perfect,Understand with good interface,5,2026-07-03T15:24:32Z,Monzo,1052238659,ios,gb,en,7.33.0,,False,2026-08-13T11:01:19.120287Z,https://apps.apple.com/gb/app/id1052238659
0de0d6dd300da6c45e8b11b83d5d5a25,"I have requested a phone call when convenient for a week to resolve an issue, yet, customer service keep insisting to chat via the app. I have an 8 month old daughter and typing in a chat constantly is time consuming and the issue could be resolved in a 10 minute phone call. Monzo need to listen to their customers. I have made a formal complaint as I have requested everyday for a week for a phone call. Monzo call back at inconvenient times when I’ve said I’m not available or not called at all. It’s ridiculous. I’ve never had anything like this with a bank.",Customer service?,1,2026-07-03T15:17:28Z,Monzo,1052238659,ios,gb,en,7.33.0,,False,2026-08-13T11:01:19.120287Z,https://apps.apple.com/gb/app/id1052238659
0916b17a7cac087dd016240cb276d2d3,Easy to use,Excellent Banking,5,2026-07-03T12:59:08Z,Monzo,1052238659,ios,gb,en,7.33.0,,False,2026-08-13T11:01:19.120287Z,https://apps.apple.com/gb/app/id1052238659
0b06741117fd9275dcce182c6383a712,So easy to use and very helpful,Monzo,5,2026-07-02T22:32:02Z,Monzo,1052238659,ios,gb,en,7.33.0,,False,2026-08-13T11:01:19.120287Z,https://apps.apple.com/gb/app/id1052238659
931e2ce16fb54cff95b0fc8cbb01498b,Didn’t think this was possible must be with Monzo,Pay one day early,5,2026-07-02T17:07:29Z,Monzo,1052238659,ios,gb,en,7.33.0,,False,2026-08-13T11:01:19.120287Z,https://apps.apple.com/gb/app/id1052238659
a7432931aea9c32ccc9c5fc98d557338,Had Monzo previously and left to persue other banks. Glad I came back. Easy to speak to customer services if needed & a good range of features such as being able to cash in. The app is easy to use as well with lots of customisation. I will remain a customer now.,Best bank out there,5,2026-07-02T16:52:56Z,Monzo,1052238659,ios,gb,en,7.33.0,,False,2026-08-13T11:01:19.120287Z,https://apps.apple.com/gb/app/id1052238659
711a0a4b95513bb650803d47845d62b5,Great bank,Good,5,2026-07-02T16:46:00Z,Monzo,1052238659,ios,gb,en,7.33.0,,False,2026-08-13T11:01:19.120287Z,https://apps.apple.com/gb/app/id1052238659
595b97003de366222afb995493c6dcb8,Very excellent service they provided,Nice,5,2026-07-02T16:19:43Z,Monzo,1052238659,ios,gb,en,7.33.0,,False,2026-08-13T11:01:19.120287Z,https://apps.apple.com/gb/app/id1052238659
202b282f91c5647a1384e137c63cc7fa,The best thing ever thank you,Early pay,5,2026-07-02T16:17:58Z,Monzo,1052238659,ios,gb,en,7.33.0,,False,2026-08-13T11:01:19.120287Z,https://apps.apple.com/gb/app/id1052238659
93c6b7f085bc2305ff6f773d5c84cdda,Best app ever,Best app,5,2026-07-02T15:54:26Z,Monzo,1052238659,ios,gb,en,7.33.0,,False,2026-08-13T11:01:19.120287Z,https://apps.apple.com/gb/app/id1052238659
5e9ac0aa642196520a5b726103b5ac15,"I have used Monzo for last 2 years, it’s one of the most useful apps unless you have an issue, then the customer support is useless, half of them don’t even understand English, and they will read from a script, it feels like taking to robot, who doesn’t have a clue and keeps guessing what’s happening with it, And for some reason, you will never be able to talk to a manager.",Useless customer support,1,2026-07-02T02:02:08Z,Monzo,1052238659,ios,gb,en,7.32.1,,False,2026-08-13T11:01:19.120287Z,https://apps.apple.com/gb/app/id1052238659
4cdd9c277cd711a4b83436c5575dcbe4,"Easy to use, intuitive, good saving incentives, super easy to split bills and create shared tabs, interesting spending insights",Favourite banking app,5,2026-07-01T21:03:15Z,Monzo,1052238659,ios,gb,en,7.32.1,,False,2026-08-13T11:01:19.120287Z,https://apps.apple.com/gb/app/id1052238659
607d06109a385e8d63601ce2b7f8f590,"Don’t have an iPhone anymore so it would be nice if I could manage my money in a proper iPad app, not an iPhone app. And even if I did have an iPhone, sometimes it’s just better to use the iPad.","Great bank, needs an iPad version",3,2026-07-01T16:45:36Z,Monzo,1052238659,ios,gb,en,7.32.1,,False,2026-08-13T11:01:19.120287Z,https://apps.apple.com/gb/app/id1052238659
705cae77a5f97989261a1030d28b30be,"I hate that it won’t let you in the app until it’s been updated, forcing you to update",Annoying,1,2026-07-01T16:16:47Z,Monzo,1052238659,ios,gb,en,7.32.1,,False,2026-08-13T11:01:19.120287Z,https://apps.apple.com/gb/app/id1052238659
dd80212478ddbbff8d660a340149378d,"Monzo is arguably one of the best online banking in recent time. I commend all the team from the founder to the lowest staff. Think of anything banking, savings, investment, credit facilities, insurance etc. What ever you think of in the banking system, they will always be there for you. MONZO PLEASE JUST KEEP IT UP. You’re more than just 5 stars.",Nothing but the best,5,2026-07-01T16:04:59Z,Monzo,1052238659,ios,gb,en,7.32.1,,False,2026-08-13T11:01:19.120287Z,https://apps.apple.com/gb/app/id1052238659
50273957832d5d49470d9d41d626b748,It’s brilliant,Early pay,5,2026-07-01T15:26:29Z,Monzo,1052238659,ios,gb,en,7.32.1,,False,2026-08-13T11:01:19.120287Z,https://apps.apple.com/gb/app/id1052238659
3db0d1327d6a9979ed541e25bf8662b8,Best bank Iv ever used,Monzo,5,2026-07-01T15:01:10Z,Monzo,1052238659,ios,gb,en,7.32.1,,False,2026-08-13T11:01:19.120287Z,https://apps.apple.com/gb/app/id1052238659
95541b44ae0a73ccedfb0770f6933578,"I’ve had a beer ok, but Monzo is the best for splitting payments easily when out with friends. Don’t mess about, get Monzo.",Incredible...,5,2026-07-01T13:23:34Z,Monzo,1052238659,ios,gb,en,7.32.1,,False,2026-08-13T11:01:19.120287Z,https://apps.apple.com/gb/app/id1052238659
919753926f155cfac07c9e0d66c3373c,Love this for traveling and sharing bill,Holiday,5,2026-06-30T20:34:45Z,Monzo,1052238659,ios,gb,en,7.32.1,,False,2026-08-13T11:01:19.120287Z,https://apps.apple.com/gb/app/id1052238659
9d2920c8813448ba862f51a0b4311504,Worst bank ever they just cancelled my account for no reason,Monzo,1,2026-06-30T16:31:48Z,Monzo,1052238659,ios,gb,en,7.32.1,,False,2026-08-13T11:01:19.120287Z,https://apps.apple.com/gb/app/id1052238659
2675c8823ea1b993482e78f5a44e6a27,Good,Easy,5,2026-06-30T16:01:21Z,Monzo,1052238659,ios,gb,en,7.32.1,,False,2026-08-13T11:01:19.120287Z,https://apps.apple.com/gb/app/id1052238659
fb8853310153e634afe5b08cb79646c6,I’ve been with Monzo from the beginning. It’s mint!,The best,5,2026-06-30T15:56:27Z,Monzo,1052238659,ios,gb,en,7.32.1,,False,2026-08-13T11:01:19.120287Z,https://apps.apple.com/gb/app/id1052238659
6bf21bf678c09e28e66d7d752a9e93f1,The best bank what I was,Bank,5,2026-06-30T15:29:31Z,Monzo,1052238659,ios,gb,en,7.32.1,,False,2026-08-13T11:01:19.120287Z,https://apps.apple.com/gb/app/id1052238659
1a7b53bf0c9971b76d75884b78d1116a,Great bank with business or personal accounts highly recommend,Monzo,5,2026-06-30T15:15:47Z,Monzo,1052238659,ios,gb,en,7.32.1,,False,2026-08-13T11:01:19.120287Z,https://apps.apple.com/gb/app/id1052238659
29cb397d7bb60a84663d6de6e3839beb,The bank ever,The best,5,2026-06-30T15:03:00Z,Monzo,1052238659,ios,gb,en,7.32.1,,False,2026-08-13T11:01:19.120287Z,https://apps.apple.com/gb/app/id1052238659
a07c2b73bfd25eebb4a7c3a6bfb55607,won’t even let me set up an account and won’t tell me why!,unable to create an account,1,2026-06-29T21:15:28Z,Monzo,1052238659,ios,gb,en,7.32.1,,False,2026-08-13T11:01:19.120287Z,https://apps.apple.com/gb/app/id1052238659
40c165fea810775f18cbc9c6de3a9ea7,Monzo is the best,Jamal,5,2026-06-29T18:58:59Z,Monzo,1052238659,ios,gb,en,7.32.1,,False,2026-08-13T11:01:19.120287Z,https://apps.apple.com/gb/app/id1052238659
a9f0fec3eb0a637c4ada784ef29e33ec,The most reliable app on my phone that looks after my finances. 👍🏽,The Best Bank,5,2026-06-29T17:19:32Z,Monzo,1052238659,ios,gb,en,7.32.1,,False,2026-08-13T11:01:19.120287Z,https://apps.apple.com/gb/app/id1052238659
613b584488b409cc7c45f750cf510131,Simple easy helpful and supportive,Love Monzo,5,2026-06-29T16:45:04Z,Monzo,1052238659,ios,gb,en,7.32.1,,False,2026-08-13T11:01:19.120287Z,https://apps.apple.com/gb/app/id1052238659
dd2bf50c4089b91c031b4d719954bb62,"I have used this bank since 2019 and have not looked back. It is so easy and convenient to have all of my savings accounts, separate pots for different occasions, and credit card in one app. It notifies me when I am about to go over a limit or won’t have enough in for a payment which is great. I can send money just using a link! Honestly just so great and I recommend it to everyone I know!",Everything you need in a bank,5,2026-06-29T16:28:41Z,Monzo,1052238659,ios,gb,en,7.32.1,,False,2026-08-13T11:01:19.120287Z,https://apps.apple.com/gb/app/id1052238659
d196db0f7a0c754df5a4dcf8818747d8,So easy to use,Easy banking,5,2026-06-29T15:57:52Z,Monzo,1052238659,ios,gb,en,7.32.1,,False,2026-08-13T11:01:19.120287Z,https://apps.apple.com/gb/app/id1052238659
3ca7e8c8ebce15cbba5f29d56a85e58f,It’s very easy to use and reliable.,Easy to use and reliable,5,2026-06-29T15:53:02Z,Monzo,1052238659,ios,gb,en,7.32.1,,False,2026-08-13T11:01:19.120287Z,https://apps.apple.com/gb/app/id1052238659
eea2b0ccb6742790540b502426bca636,Easy to navigate,Great bank,5,2026-06-29T15:37:54Z,Monzo,1052238659,ios,gb,en,7.32.1,,False,2026-08-13T11:01:19.120287Z,https://apps.apple.com/gb/app/id1052238659
234d58db459551df57d4dba99218e017,"Excellent banking, it been great banking with you Monzo",Honest review,5,2026-06-29T15:29:24Z,Monzo,1052238659,ios,gb,en,7.32.1,,False,2026-08-13T11:01:19.120287Z,https://apps.apple.com/gb/app/id1052238659
93adb9af6619c66451c56be0a43685bc,"Easy to use, really clear on spend, updates immediately! Thank you",Best bank,5,2026-06-29T15:29:21Z,Monzo,1052238659,ios,gb,en,7.32.1,,False,2026-08-13T11:01:19.120287Z,https://apps.apple.com/gb/app/id1052238659
861438e17bebae48cc7ff33ddc269d70,Shocking customer service,Terrible,1,2026-06-29T03:07:22Z,Monzo,1052238659,ios,gb,en,7.32.1,,False,2026-08-13T11:01:19.120287Z,https://apps.apple.com/gb/app/id1052238659
5450b59fb3b5197a2864b24b880010b6,From organising money in pots to paying someone it’s so easy! Everything is so simple and clear. Monzo even blocked a payment because it wasn’t familiar and it saved me from fraud and they sent a new card straight away for FREE! What an amazing company. Very considerate and easy to use bank. Thanks so much!,Brilliant Bank,5,2026-06-28T20:19:15Z,Monzo,1052238659,ios,gb,en,7.32.1,,False,2026-08-13T11:01:19.120287Z,https://apps.apple.com/gb/app/id1052238659
b3fa262f0417cb582aac5241adb125d5,I’ve been with Monzo since 2020 and they have been excellent since then with customer service and new updates .,Best bank I’ve used,5,2026-06-28T12:40:48Z,Monzo,1052238659,ios,gb,en,7.32.1,,False,2026-08-13T11:01:19.120287Z,https://apps.apple.com/gb/app/id1052238659
634736cb124f6f47baf9aa93bb20ce45,"Promising, and bill splitting and running split features are great, but I hate logging into my banking app and being nagged by a permanent advert to “Upgrade” on the Home Screen. I’ve found customer service incredibly slow via live chat and email generally unhelpful. Needs to add capability to split incoming transactions (e.g. refunds, cashback) or add them to a running split. Surprised that some basic features are paywalled.","Okay, bit disappointed",2,2026-06-28T12:34:06Z,Monzo,1052238659,ios,gb,en,7.32.1,,False,2026-08-13T11:01:19.120287Z,https://apps.apple.com/gb/app/id1052238659
480f5e70bca24a92303ae5737665f7f2,Very good,Monzo,5,2026-06-28T10:50:05Z,Monzo,1052238659,ios,gb,en,7.32.1,,False,2026-08-13T11:01:19.120287Z,https://apps.apple.com/gb/app/id1052238659
2b1c411ba4b1e3f26e6c025bb2f898e7,Easiest and best bank account I’ve ever had!,Love Monzo,5,2026-06-27T14:46:41Z,Monzo,1052238659,ios,gb,en,7.32.1,,False,2026-08-13T11:01:19.120287Z,https://apps.apple.com/gb/app/id1052238659
a7a4f78f177a27de523ae5996a1b73bb,"It’s easy to understand and use, no complaints x",Banking easy,5,2026-06-26T17:55:49Z,Monzo,1052238659,ios,gb,en,7.32.0,,False,2026-08-13T11:01:19.120287Z,https://apps.apple.com/gb/app/id1052238659
a881400ad36179406dd09fa4caca4bd0,Excellent,Excellent,5,2026-06-26T17:31:31Z,Monzo,1052238659,ios,gb,en,7.32.0,,False,2026-08-13T11:01:19.120287Z,https://apps.apple.com/gb/app/id1052238659
9c39a4ca47cfa50d4da1173b0ea1dc6c,"I was scammed and contacted the customer support for help with this as usually I would let it slide but being on maternity leave I needed all the money I have! I was reassured at first and told my refund had been investigated and was successful, half an hour passed and I received a message again saying it was a system error and they needed that money back, don’t bank with Monzo they are just as bad as the scammers themselves in my opinion!",They promise you a refund due to a scam and scam you of reassurance🙄,1,2026-06-26T17:04:19Z,Monzo,1052238659,ios,gb,en,7.32.0,,False,2026-08-13T11:01:19.120287Z,https://apps.apple.com/gb/app/id1052238659
2b361b77369684a832556705cf229073,Good,Good,5,2026-06-26T16:19:15Z,Monzo,1052238659,ios,gb,en,7.32.0,,False,2026-08-13T11:01:19.120287Z,https://apps.apple.com/gb/app/id1052238659
00835c8b316e7f536420296fda9d8c0a,Just so easy to use,Steve,5,2026-06-26T16:04:44Z,Monzo,1052238659,ios,gb,en,7.32.0,,False,2026-08-13T11:01:19.120287Z,https://apps.apple.com/gb/app/id1052238659
7484171886ea59e567e2bd2d43722432,Amazing bank,Es,5,2026-06-26T15:29:53Z,Monzo,1052238659,ios,gb,en,7.32.0,,False,2026-08-13T11:01:19.120287Z,https://apps.apple.com/gb/app/id1052238659
c0115cbd593c920825c2f620695b62f1,"Great app, great bank, all round fantastic. Can’t complain!",Great!,5,2026-06-25T20:20:14Z,Monzo,1052238659,ios,gb,en,7.32.0,,False,2026-08-13T11:01:19.120287Z,https://apps.apple.com/gb/app/id1052238659
b54fe72d021d60cf74b8aec366fbb330,"Excellent, Love it",Review,5,2026-06-25T19:32:30Z,Monzo,1052238659,ios,gb,en,7.32.0,,False,2026-08-13T11:01:19.120287Z,https://apps.apple.com/gb/app/id1052238659
ab22c0e17397541a8c195233434d02c4,Excellent,Excellent,5,2026-06-25T19:27:44Z,Monzo,1052238659,ios,gb,en,7.32.0,,False,2026-08-13T11:01:19.120287Z,https://apps.apple.com/gb/app/id1052238659
b93ed4666822d77a60baeffbd5c69069,Excellent service,Mr ishaq,5,2026-06-25T19:26:49Z,Monzo,1052238659,ios,gb,en,7.32.0,,False,2026-08-13T11:01:19.120287Z,https://apps.apple.com/gb/app/id1052238659
587485bcadb4caaeae993459c9bf9c15,Monzo is best,Best,5,2026-06-25T19:16:49Z,Monzo,1052238659,ios,gb,en,7.32.0,,False,2026-08-13T11:01:19.120287Z,https://apps.apple.com/gb/app/id1052238659
0f6374715071a42cb05b88d20c679e16,A human bank at last that listen to customers and help,Best Bank,5,2026-06-25T17:24:19Z,Monzo,1052238659,ios,gb,en,7.32.0,,False,2026-08-13T11:01:19.120287Z,https://apps.apple.com/gb/app/id1052238659
35d3d468c04aaab3da979f31149aca37,5*,5*,5,2026-06-25T17:01:37Z,Monzo,1052238659,ios,gb,en,7.32.0,,False,2026-08-13T11:01:19.120287Z,https://apps.apple.com/gb/app/id1052238659
b65b3d9732f12f480989df85cc181efe,I absolutely love the fact that you can have your wages a day early.,Roy,5,2026-06-25T16:42:26Z,Monzo,1052238659,ios,gb,en,7.32.0,,False,2026-08-13T11:01:19.120287Z,https://apps.apple.com/gb/app/id1052238659
2e04ec78a4031ac9bd18237127799524,Best bank ever!,Best bank,5,2026-06-25T16:30:07Z,Monzo,1052238659,ios,gb,en,7.32.0,,False,2026-08-13T11:01:19.120287Z,https://apps.apple.com/gb/app/id1052238659
3e81dc4be94b0c4756b7d07a2d02e7ae,Happy customer,5 star,5,2026-06-25T16:19:24Z,Monzo,1052238659,ios,gb,en,7.32.0,,False,2026-08-13T11:01:19.120287Z,https://apps.apple.com/gb/app/id1052238659
2eeafbdce2a9aec8a1fbf4cfa4ba0ee3,Monzo is better than anyone,Fantastic,5,2026-06-25T16:00:38Z,Monzo,1052238659,ios,gb,en,7.32.0,,False,2026-08-13T11:01:19.120287Z,https://apps.apple.com/gb/app/id1052238659
aaee48df8ff41d3768b7df476b0a0da4,Monzo makes a structure for my complicated money trends. Great organising tools and a great app which is easy to navigate and use.,Best banking,5,2026-06-24T20:11:51Z,Monzo,1052238659,ios,gb,en,7.31.0,,False,2026-08-13T11:01:19.120287Z,https://apps.apple.com/gb/app/id1052238659
b266250ee86c7f096356e5ae3de4b786,Great app,Amazing,5,2026-06-24T18:44:14Z,Monzo,1052238659,ios,gb,en,7.31.0,,False,2026-08-13T11:01:19.120287Z,https://apps.apple.com/gb/app/id1052238659
ade8cfbd9e9c6d557170b8b7456d9cf8,I love using Monzo. I feel safe using the app and it is so easy to navigate.,User friendly,5,2026-06-24T17:55:50Z,Monzo,1052238659,ios,gb,en,7.31.0,,False,2026-08-13T11:01:19.120287Z,https://apps.apple.com/gb/app/id1052238659
4e32985d59264fda81d041c96fc51ffd,just the day earlier all the difference in the world and so easy and so quick thank you very much,early payday,5,2026-06-24T17:04:25Z,Monzo,1052238659,ios,gb,en,7.31.0,,False,2026-08-13T11:01:19.120287Z,https://apps.apple.com/gb/app/id1052238659
b3c2559c22ba1df688cfd11bb65b9967,"Reliable, innovative and intuitive.",Great Bank,5,2026-06-24T17:01:08Z,Monzo,1052238659,ios,gb,en,7.31.0,,False,2026-08-13T11:01:19.120287Z,https://apps.apple.com/gb/app/id1052238659
0dec480cdad748bcfee4f6bf72c78a7d,Moved to Monzo after over 40 years with Lloyds. Much more modern app and I personally think it’s better suited to today’s tech savvy younger generation... and us oldies 😁,Monzo Banking App,5,2026-06-24T16:31:43Z,Monzo,1052238659,ios,gb,en,7.31.0,,False,2026-08-13T11:01:19.120287Z,https://apps.apple.com/gb/app/id1052238659
d9e9bd84356101295bd7f08f792a38e4,"I’ve been using Monzo for some time now and it has completely changed the way I manage my money. The app is easy to use, payments are instant, and spending notifications appear straight away which makes it much easier to keep track of my finances. Features such as Pots, budgeting tools, virtual cards and fee-free spending abroad are extremely useful. Opening the account was quick and straightforward, and whenever I’ve needed assistance, customer support has been helpful and professional. The app is reliable, modern and packed with features that many traditional banks still don’t offer. My salary is paid directly into Monzo and I use it every day without any issues. Highly recommended to anyone looking for a simple, innovative and customer-focused bank. ⭐⭐⭐⭐⭐",Excellent Banking App and Customer Service,5,2026-06-24T16:05:05Z,Monzo,1052238659,ios,gb,en,7.31.0,,False,2026-08-13T11:01:19.120287Z,https://apps.apple.com/gb/app/id1052238659
616876fa6beb7c7c676cbcf8be7ef3f1,Their chat helpers are not helpful at all,1 star review,1,2026-06-23T19:53:12Z,Monzo,1052238659,ios,gb,en,7.31.0,,False,2026-08-13T11:01:19.120287Z,https://apps.apple.com/gb/app/id1052238659
26ee3f335c65d2de9f8e43de1acbf55d,Really safe and easy banking,Easy banking,5,2026-06-23T16:42:43Z,Monzo,1052238659,ios,gb,en,7.31.0,,False,2026-08-13T11:01:19.120287Z,https://apps.apple.com/gb/app/id1052238659
74e2fe7366091f9d9e35b9190908a352,"I absolutely adore Monzo, the app is SO easy to use. The perks of being a Monzo customer are endless",Best Bank Ever!!!,5,2026-06-23T15:46:06Z,Monzo,1052238659,ios,gb,en,7.31.0,,False,2026-08-13T11:01:19.120287Z,https://apps.apple.com/gb/app/id1052238659
a579fd59d12b836e26578faef17769d4,Staff are great the acount is fantastic PAYMENT A DAY EARLY best featur u have not happy about Three network taken £56 out bank wen I cancelled contract and did not no they were collecting after explaining to Monzo put a complent in under direct debit garentea they did not up hold it so thinking on moving banks for that reason !!!!!!,Best Bank I have had,5,2026-06-23T15:18:10Z,Monzo,1052238659,ios,gb,en,7.31.0,,False,2026-08-13T11:01:19.120287Z,https://apps.apple.com/gb/app/id1052238659
9de0a5a35e63337b140b7415ae681188,I love the features on f the app.,Brilliant,5,2026-06-23T15:06:17Z,Monzo,1052238659,ios,gb,en,7.31.0,,False,2026-08-13T11:01:19.120287Z,https://apps.apple.com/gb/app/id1052238659
cc2cf78e56fa3e707778727e797153da,"When I try to sign in and put my birthdate in, it says u have to 16, but It says monzo can be for under 16s aswell, so I can’t sign in",My review,2,2026-06-23T14:28:11Z,Monzo,1052238659,ios,gb,en,7.31.0,,False,2026-08-13T11:01:19.120287Z,https://apps.apple.com/gb/app/id1052238659
a1f35fd3ab4fd58dbfb5bec83e64a18b,"The second all my money is out of my Monzo I’m closing my account. I can’t be logged in on my iPad and my phone at the same time and it won’t send the emails to login. I’ve been sitting here for nearly 20 minutes trying to check my balance. I can’t get into my account. If Monzo have set it up so you can’t be logged into both then they should make sure those emails get delivered asap. This is ridiculous, and they are not in my spam folder either.",I’m changing bank,2,2026-06-23T12:25:22Z,Monzo,1052238659,ios,gb,en,7.31.0,,False,2026-08-13T11:01:19.120287Z,https://apps.apple.com/gb/app/id1052238659
295f9b9727a462f1d8b446b1d437961b,"I’ve been banking with Monzo for a while now, and recently I went through a stressful situation where my account was being considered for closure. I raised a complaint because I genuinely felt there had been a misunderstanding, and I was impressed by how professionally and fairly Monzo handled the matter. After reviewing everything, they decided to keep my account open and even awarded me £250 in compensation for the inconvenience and distress caused. That level of customer care is rare and shows they genuinely listen to their customers rather than treating them like a number. Beyond that experience, Monzo has been one of the best banks I’ve ever used. The features make managing money incredibly easy: • Get paid up to a day early when your salary is due. • Savings Pots help you organise money for different goals. • Savings Challenges make saving more engaging and motivating. • Cashback offers help you earn money back on everyday spending. • Monzo Perks and Extra provide valuable benefits and additional features. • Instant spending notifications keep you in complete control of your finances. • Budgeting tools make it easy to track where every penny goes. The app is simple, modern, and reliable, and the customer service has always been responsive whenever I’ve needed help. My recent experience proved to me that Monzo is a bank that values its customers and is willing to put things right when mistakes happen. I couldn’t be happier with the outcome and would highly recommend Monzo to anyone looking for a bank that combines excellent technology with genuine customer care.",⭐⭐⭐⭐⭐ Outstanding Customer Service from Monzo!,5,2026-06-23T12:23:00Z,Monzo,1052238659,ios,gb,en,7.31.0,,False,2026-08-13T11:01:19.120287Z,https://apps.apple.com/gb/app/id1052238659
42f0ba233b50f17f13e6c83951195a4c,Rascit rats won’t let me make an account because I’m brown,Rascim,1,2026-06-23T11:14:38Z,Monzo,1052238659,ios,gb,en,7.31.0,,False,2026-08-13T11:01:19.120287Z,https://apps.apple.com/gb/app/id1052238659
dc6a64e58a28584051e756a9e25aaf44,Quite simply one of the best banks to date. Any time I’ve had an issues with previous banks to do with my own money. They make me jump through hoops! Monzo on the other hand just knows exactly what they are doing. So easy to set up yet so secure. Honestly any time I have had problem with my account. I contact them and within hours the issue is resolved. Yet any other bank makes you wait days/weeks just for a simple fix.,Best bank out there,5,2026-06-23T09:08:58Z,Monzo,1052238659,ios,gb,en,7.31.0,,False,2026-08-13T11:01:19.120287Z,https://apps.apple.com/gb/app/id1052238659
1212f4c60b6364a80c956d92aa0ff7ce,Lots of developments over the years. Being able to create various pots without a subscription is great as it makes budgeting so much easier! Much better with money transfers paychecks and getting help as it is all online. My nr card for European travel due to the exchange rate being the master card one with no hidden fees! :),"Great, constant improvement.",5,2026-06-22T17:24:21Z,Monzo,1052238659,ios,gb,en,7.31.0,,False,2026-08-13T11:01:19.120287Z,https://apps.apple.com/gb/app/id1052238659
3f9c7febf5e231023d58d16536200f5e,Lots of perks. A true fin tech that makes life easier,G,5,2026-06-22T16:17:23Z,Monzo,1052238659,ios,gb,en,7.31.0,,False,2026-08-13T11:01:19.120287Z,https://apps.apple.com/gb/app/id1052238659
ec6cc5ab40ba8a3e8211f81483fec7f5,Great accounts! I have 3 best bank I’ve been with,Bank accounts,5,2026-06-22T15:50:15Z,Monzo,1052238659,ios,gb,en,7.31.0,,False,2026-08-13T11:01:19.120287Z,https://apps.apple.com/gb/app/id1052238659
b103df9b21fd5122f8ca580470e0bb0e,Such an amazing bank best by far !!,Best,5,2026-06-22T15:28:55Z,Monzo,1052238659,ios,gb,en,7.31.0,,False,2026-08-13T11:01:19.120287Z,https://apps.apple.com/gb/app/id1052238659
d8b1c556a3c52aafd08f486aeb2a3675,"I have been using Monzo for 6 years now and I haven’t used any other bank ever since. Its easy, efficient, makes my life easier. Highly recommend",Great bank,5,2026-06-22T15:27:27Z,Monzo,1052238659,ios,gb,en,7.31.0,,False,2026-08-13T11:01:19.120287Z,https://apps.apple.com/gb/app/id1052238659
5459d35a958717b51b4c5499ac21020c,I enjoy using the banking features on the app. It’s makes managing and using my money more convenient. Would recommend!,Great banking app,5,2026-06-22T15:17:28Z,Monzo,1052238659,ios,gb,en,7.31.0,,False,2026-08-13T11:01:19.120287Z,https://apps.apple.com/gb/app/id1052238659
69b500f1a53755d1d784a8cb429ddc8f,"Your competition has up to 5 virtual cards for free. Stop putting yours behind a paywall. At worst, give one for free. It’s only thing stopping me going full monzo and using Starling or Revolut as a full bank. Do better please.",Good but 1 star until,1,2026-06-21T23:48:29Z,Monzo,1052238659,ios,gb,en,7.31.0,,False,2026-08-13T11:01:19.120287Z,https://apps.apple.com/gb/app/id1052238659
838a21b1b1ba4efbecda4a22bb23dabe,keep rejecting my application to create an account,Useless,1,2026-06-20T16:59:03Z,Monzo,1052238659,ios,gb,en,7.31.0,,False,2026-08-13T11:01:19.120287Z,https://apps.apple.com/gb/app/id1052238659
472cd96d28273165bd3e15caedb0b855,Fantastic,Monzo,5,2026-06-19T16:08:11Z,Monzo,1052238659,ios,gb,en,7.31.0,,False,2026-08-13T11:01:19.120287Z,https://apps.apple.com/gb/app/id1052238659
37fa35a6a3eb664287e02ef38df09dd6,The best banking app and service there is.,Brilliant!,5,2026-06-19T16:02:36Z,Monzo,1052238659,ios,gb,en,7.31.0,,False,2026-08-13T11:01:19.120287Z,https://apps.apple.com/gb/app/id1052238659
7287327eca3ff99a9c64b936d9311b0d,Easy to use; has great functionality. Definitely recommend the app and bank.,Simple banking app,5,2026-06-19T15:45:26Z,Monzo,1052238659,ios,gb,en,7.31.0,,False,2026-08-13T11:01:19.120287Z,https://apps.apple.com/gb/app/id1052238659
d1d02834f0757b7d1c16895e11b14245,Monzo is a great banking app,Monzo,5,2026-06-19T15:35:37Z,Monzo,1052238659,ios,gb,en,7.31.0,,False,2026-08-13T11:01:19.120287Z,https://apps.apple.com/gb/app/id1052238659
f86ddca32fc7bb387c904c6871b4aa4b,When I got the app I was asked to pay for subscription I didn’t want them when I completed all payments for it and accepted my first payment of £750 my account was removed and the money hasn’t been returned.,Theft,1,2026-06-19T14:31:01Z,Monzo,1052238659,ios,gb,en,7.31.0,,False,2026-08-13T11:01:19.120287Z,https://apps.apple.com/gb/app/id1052238659
27ddc904af86f58dbe68f9a355c98888,"Best bank I’ve been with by a long shot. Just so much to do on the app, never any problems with payments or sending money. Can also get your income a day early if you like. 5 stars 🌟 all day , everyday.",Monzo,5,2026-06-19T04:53:20Z,Monzo,1052238659,ios,gb,en,7.30.0,,False,2026-08-13T11:01:19.120287Z,https://apps.apple.com/gb/app/id1052238659
b18dc451fad7dbeb70ae5de8a11a0d99,"Monzo makes banking simple and convenient. The app is easy to navigate, transactions appear instantly, and budgeting tools help me stay on top of my finances. Features like spending notifications, savings pots, and fee-free card management are very useful. Customer support has been responsive whenever I’ve needed help. Overall, it’s a reliable and user-friendly banking app for both personal and business banking.",Excellent Mobile Banking Experience,5,2026-06-18T19:51:29Z,Monzo,1052238659,ios,gb,en,7.30.0,,False,2026-08-13T11:01:19.120287Z,https://apps.apple.com/gb/app/id1052238659
05068de025fee1635841e5e9cabeb224,Fantastic,Amazing,5,2026-06-18T18:56:54Z,Monzo,1052238659,ios,gb,en,7.30.0,,False,2026-08-13T11:01:19.120287Z,https://apps.apple.com/gb/app/id1052238659
d8a7df8db0235397c0e972f8c0028253,I give Monzo 5 star,I love Monzo,5,2026-06-18T18:15:44Z,Monzo,1052238659,ios,gb,en,7.30.0,,False,2026-08-13T11:01:19.120287Z,https://apps.apple.com/gb/app/id1052238659
1211b2f4843ed9aee0c0d22212d7b48b,Monzo change my mind to plan finance,I love monzo,5,2026-06-18T16:46:56Z,Monzo,1052238659,ios,gb,en,7.30.0,,False,2026-08-13T11:01:19.120287Z,https://apps.apple.com/gb/app/id1052238659
72be675ec0bf2a5311cb7e09a763c49f,Fabulous 🤓,Love Monzo Bank,5,2026-06-18T16:02:07Z,Monzo,1052238659,ios,gb,en,7.30.0,,False,2026-08-13T11:01:19.120287Z,https://apps.apple.com/gb/app/id1052238659
a21dc3595ac217492154cbba39ed9b21,Always Monzo is amazing,Sneha Koona,5,2026-06-18T15:57:02Z,Monzo,1052238659,ios,gb,en,7.30.0,,False,2026-08-13T11:01:19.120287Z,https://apps.apple.com/gb/app/id1052238659
4d8437a05b925b338f00715c6b0e697b,Very easy to use and recommended to family and friends,Mr,5,2026-06-18T15:55:51Z,Monzo,1052238659,ios,gb,en,7.30.0,,False,2026-08-13T11:01:19.120287Z,https://apps.apple.com/gb/app/id1052238659
cb47375037748792bf294e7972795ecb,I have been using them same bank since I started my business but after switching to MONZO it has made my business easier,Switching,4,2026-06-18T15:15:02Z,Monzo,1052238659,ios,gb,en,7.30.0,,False,2026-08-13T11:01:19.120287Z,https://apps.apple.com/gb/app/id1052238659
398bb518151912f81afbe982d4d97bb3,I am impressed with this service very efficient handy and helpful thank you Monzo you are becoming one of the best banks by far!!,Pay day early,5,2026-06-17T19:12:00Z,Monzo,1052238659,ios,gb,en,7.30.0,,False,2026-08-13T11:01:19.120287Z,https://apps.apple.com/gb/app/id1052238659
4546157243aaa50e0b8ecf05daf81e81,I find it a good banking app never had any issues with it,Love it,5,2026-06-17T16:45:13Z,Monzo,1052238659,ios,gb,en,7.30.0,,False,2026-08-13T11:01:19.120287Z,https://apps.apple.com/gb/app/id1052238659
3b494bf445a27badd1530b0eb12fc485,"Making me pull the camera right towards my face, smile, then reject the photo... after you’ve already collected my ID, and face. The photos are clear, can’t get any clearer. Clearly you’re just harvesting biometric data.",Your verification is broken,1,2026-07-28T13:05:23Z,Chase UK,1517121245,ios,gb,en,2.84.0,,False,2026-08-13T11:01:19.120287Z,https://apps.apple.com/gb/app/id1517121245
8a8c85b77ac83ddb39e82cc3844a4b40,Great service,Really easy to use,5,2026-07-28T13:00:44Z,Chase UK,1517121245,ios,gb,en,2.84.0,,False,2026-08-13T11:01:19.120287Z,https://apps.apple.com/gb/app/id1517121245
4811391ab81460b42adbc582d19e2106,"I am so happy with my choice of Bank Chase has outstanding app, and customer service is alway quick, efficient, and I feel their on my side. Thanks Chase",Outstanding,5,2026-07-28T10:32:38Z,Chase UK,1517121245,ios,gb,en,2.84.0,,False,2026-08-13T11:01:19.120287Z,https://apps.apple.com/gb/app/id1517121245
8407b434a7fa9a036e699487be1651ef,Happy,£50 cash on opening,5,2026-07-27T20:47:24Z,Chase UK,1517121245,ios,gb,en,2.84.0,,False,2026-08-13T11:01:19.120287Z,https://apps.apple.com/gb/app/id1517121245
25a511f0cdbed74f9c4a8643865161fc,So pleased I opened a Chase account. The App is brilliant and so easy to use. The cashback comes in nicely each month and the high 4.5 percent savings interest is super. I even started to refer my friends and get £50 for each one. It’s a great account which I use as my main account now.,Super Chase UK,5,2026-07-27T20:16:44Z,Chase UK,1517121245,ios,gb,en,2.84.0,,False,2026-08-13T11:01:19.120287Z,https://apps.apple.com/gb/app/id1517121245
358fe274c32e86ebc076bf3e58354d87,"Easy instant and fabulous. Everything is hassle free and you can earn great rewards, electronic or physical card options. I love it. Best account ever. I had a fraud and they were super helpful and thorough and blocked suspect payments instantly and reviewed my security and I reset passwords - supported and hassle free, it’s the best.","Easy,instant, fabulous",5,2026-07-27T18:45:47Z,Chase UK,1517121245,ios,gb,en,2.84.0,,False,2026-08-13T11:01:19.120287Z,https://apps.apple.com/gb/app/id1517121245
9e0b82de1ce52d5530499c01166a34c1,I have been very impressed with how easy and smooth the account set up is....so pleased to have gone with Chase and the interest offered on savings is outstanding. Very pleased so far 😁,Set up is concise and super fast,5,2026-07-27T11:56:04Z,Chase UK,1517121245,ios,gb,en,2.84.0,,False,2026-08-13T11:01:19.120287Z,https://apps.apple.com/gb/app/id1517121245
da33484bf82b759f77513c560b24294a,Very easy to join. 2% cash back is a good thing. Like how easy it is to work the app. Very satisfied so far.,The Chase,5,2026-07-27T06:37:19Z,Chase UK,1517121245,ios,gb,en,2.84.0,,False,2026-08-13T11:01:19.120287Z,https://apps.apple.com/gb/app/id1517121245
2befbaf95a9945d7ca9846f664b22a6f,"Very easy to navigate the app and lots of rewards for everyday users. Such a shame the higher interest rate on savings is only introductory, otherwise I'd need no other bank to manage my money.",Fantastic,5,2026-07-26T21:02:49Z,Chase UK,1517121245,ios,gb,en,2.84.0,,False,2026-08-13T11:01:19.120287Z,https://apps.apple.com/gb/app/id1517121245
5f18f55950c0886ddb7c2099af0d4e51,App is quick and easy to use.,Jenny C,5,2026-07-26T17:21:20Z,Chase UK,1517121245,ios,gb,en,2.84.0,,False,2026-08-13T11:01:19.120287Z,https://apps.apple.com/gb/app/id1517121245
d03991127cf5040ff2b655c6a3c8f9c1,Need to fix this bug asap,Can’t open the app after updated,1,2026-07-26T14:46:15Z,Chase UK,1517121245,ios,gb,en,2.84.0,,False,2026-08-13T11:01:19.120287Z,https://apps.apple.com/gb/app/id1517121245
e5e55efdf614c61b0d2133889d9560c5,User friendly easy to set up account looking forward to using this,Easy to set up,5,2026-07-26T07:36:12Z,Chase UK,1517121245,ios,gb,en,2.84.0,,False,2026-08-13T11:01:19.120287Z,https://apps.apple.com/gb/app/id1517121245
064dfe5fc3ca2ccb05127140769019ef,"So much better then UK high street banks, paying monthly interest on savings and not yearly, cash back is automatic and the app is a dream, thank you Chase!",Excellent,5,2026-07-25T11:43:42Z,Chase UK,1517121245,ios,gb,en,2.84.0,,False,2026-08-13T11:01:19.120287Z,https://apps.apple.com/gb/app/id1517121245
fa3057b520b82fa4cfecf2d86b747298,Great service with 2% cashback,Great bank,5,2026-07-24T13:33:12Z,Chase UK,1517121245,ios,gb,en,2.84.0,,False,2026-08-13T11:01:19.120287Z,https://apps.apple.com/gb/app/id1517121245
9a6245c8cada7f5df5340892d73baa74,Good interest,Great bank!,5,2026-07-23T07:24:13Z,Chase UK,1517121245,ios,gb,en,2.83.0,,False,2026-08-13T11:01:19.120287Z,https://apps.apple.com/gb/app/id1517121245
0eb75c2003a173b3f0567b82963f443f,So easy to set up,Chris H,5,2026-07-23T05:44:32Z,Chase UK,1517121245,ios,gb,en,2.83.0,,False,2026-08-13T11:01:19.120287Z,https://apps.apple.com/gb/app/id1517121245
123724ee73b22d76006db032ab28433c,Just a great bank,Good move,5,2026-07-23T05:26:54Z,Chase UK,1517121245,ios,gb,en,2.83.0,,False,2026-08-13T11:01:19.120287Z,https://apps.apple.com/gb/app/id1517121245
4017d457b257957727d577ceb057420c,Love this. So easy to use and move money and pay abroad. The saver account is also fab. Highly recommend to everyone who doesn’t have in yet. Go for it!,New to chase,5,2026-07-22T06:48:36Z,Chase UK,1517121245,ios,gb,en,2.83.0,,False,2026-08-13T11:01:19.120287Z,https://apps.apple.com/gb/app/id1517121245
73a10e594972689358e9223ee4954739,Love Chase - so easy to use and great rewards,Chase,5,2026-07-21T18:56:57Z,Chase UK,1517121245,ios,gb,en,2.83.0,,False,2026-08-13T11:01:19.120287Z,https://apps.apple.com/gb/app/id1517121245
3a0743f31a65dc0c2cdb6a92ebbd255b,Brilliant app and so straightforward. Rewards to recommend a friend paid straight away-no hassle at all. Highly recommend.,Mrs Lucas,5,2026-07-21T12:46:26Z,Chase UK,1517121245,ios,gb,en,2.83.0,,False,2026-08-13T11:01:19.120287Z,https://apps.apple.com/gb/app/id1517121245
df967af4b92da1dc767f6718a0754b9d,"Simple interface, quick customer service, great benefits with cashback and referral bonuses even had an issue with no refund on my credit card and was sorted within a day",Top banking app,5,2026-07-20T21:24:16Z,Chase UK,1517121245,ios,gb,en,2.83.0,,False,2026-08-13T11:01:19.120287Z,https://apps.apple.com/gb/app/id1517121245
8fc5fe10d235381e01a646821c635b94,Easy to use Responsive app Great abroad,Efficient,5,2026-07-20T14:21:40Z,Chase UK,1517121245,ios,gb,en,2.83.0,,False,2026-08-13T11:01:19.120287Z,https://apps.apple.com/gb/app/id1517121245
eab8408d39894efe46e45c465f2b3852,"My first online banking & saving account, I’ve always preferred cash in my pocket! the process to open my accounts was quick and easy to work through with accounts up & running within minutes, the saving opening account 12 month offer is a great bonus, I would encourage any senior requiring an online bank account to definitely use Chase.",New to online banking,5,2026-07-20T11:59:39Z,Chase UK,1517121245,ios,gb,en,2.83.0,,False,2026-08-13T11:01:19.120287Z,https://apps.apple.com/gb/app/id1517121245
87db02fcdc66b37bb9f7f28a455ab1a0,A refreshing easy bank account. Refer friends with ease and get £50!!,Excellent Service,5,2026-07-19T15:56:15Z,Chase UK,1517121245,ios,gb,en,2.83.0,,False,2026-08-13T11:01:19.120287Z,https://apps.apple.com/gb/app/id1517121245
5f1465805a803d53a058796e4096d676,19th july 2026 is when the unamed bot decided to contact me DONT TRUST ANY ONLINE BANKING PLATFORM THEY ARE ALL SCAMMERS,Dispute raised on the 30th JUNE 2026,1,2026-07-18T22:59:21Z,Chase UK,1517121245,ios,gb,en,2.83.0,,False,2026-08-13T11:01:19.120287Z,https://apps.apple.com/gb/app/id1517121245
cdabdc546abd56a8bc0cee4dce6d393c,"Simple and fast, brilliant for the less technically minded",Use,5,2026-07-18T07:09:16Z,Chase UK,1517121245,ios,gb,en,2.83.0,,False,2026-08-13T11:01:19.120287Z,https://apps.apple.com/gb/app/id1517121245
4ea3c4e5a32d3c39208d86c538c832c2,"Easy to use app, no frills or distracting nonsense. Credit card services are great. Best thing is no international fees. Spend as much as you want and take out as much cash as you want (within fair use). Leagues better than any brick and mortar bank in the UK. To top it off, some really great sign up bonuses and usage rewards. Free money, what more do you need.",Best option for day to day UK banking,5,2026-07-17T13:46:31Z,Chase UK,1517121245,ios,gb,en,2.83.0,,False,2026-08-13T11:01:19.120287Z,https://apps.apple.com/gb/app/id1517121245
dd9b02d662e9b60db57ea69630039b11,Amazing app and customer service,Amazing app,5,2026-07-17T03:57:03Z,Chase UK,1517121245,ios,gb,en,2.83.0,,False,2026-08-13T11:01:19.120287Z,https://apps.apple.com/gb/app/id1517121245
5ceb1e6dbe1f991d028a01bf9738e15f,"The app works great, easy to manage money and I’ve never had an issue",Great app can’t recommend it more,5,2026-07-15T17:19:54Z,Chase UK,1517121245,ios,gb,en,2.83.0,,False,2026-08-13T11:01:19.120287Z,https://apps.apple.com/gb/app/id1517121245
9a78b60beafeae53e52c4b8da887d160,chase is the best bank ever,best bank ever,5,2026-07-15T16:47:14Z,Chase UK,1517121245,ios,gb,en,2.83.0,,False,2026-08-13T11:01:19.120287Z,https://apps.apple.com/gb/app/id1517121245
77d0f9a122ab563c77add61c7b767259,Very easy banking app to navigate,Hassle Free,5,2026-07-15T14:12:08Z,Chase UK,1517121245,ios,gb,en,2.83.0,,False,2026-08-13T11:01:19.120287Z,https://apps.apple.com/gb/app/id1517121245
a61d35183fe12b04d20ccfa98a3a205a,"After being with the same bank for decades I was scared to open a new account with a new provider, however, it was very easy to do with Chase. Their app is very easy to navigate, clear and simple to use. I even got £50 as my brother referred me. A great interest rate for a year on easy access. No fees abroad, what’s not to love. Impressed up to now.",Impressed,5,2026-07-15T07:59:31Z,Chase UK,1517121245,ios,gb,en,2.83.0,,False,2026-08-13T11:01:19.120287Z,https://apps.apple.com/gb/app/id1517121245
255726cbb0599b8458ccbcbaf0d70b3b,Great exchange rates,Brilliant for holidays and every day use,5,2026-07-14T19:02:32Z,Chase UK,1517121245,ios,gb,en,2.83.0,,False,2026-08-13T11:01:19.120287Z,https://apps.apple.com/gb/app/id1517121245
dc9b18d6c6e93d002224eaa5e45adb5a,Best banking app on the platform.,Great interactive app,5,2026-07-14T10:21:12Z,Chase UK,1517121245,ios,gb,en,2.83.0,,False,2026-08-13T11:01:19.120287Z,https://apps.apple.com/gb/app/id1517121245
78d238f29a6d040f9f0fd9ef33dd2a4f,A friend introduced me to chase bank and I’m happy to have opened an account. I’m enjoying it.,Amazing,5,2026-07-14T00:48:06Z,Chase UK,1517121245,ios,gb,en,2.83.0,,False,2026-08-13T11:01:19.120287Z,https://apps.apple.com/gb/app/id1517121245
26bb719612118e5cd18ce8dbe9a90d8c,I’ve been with chase for a few years now and don’t have a bad word to say about them always there to help when needed and so much more 10/10,Great bank,5,2026-07-13T17:47:16Z,Chase UK,1517121245,ios,gb,en,2.83.0,,False,2026-08-13T11:01:19.120287Z,https://apps.apple.com/gb/app/id1517121245
d7935eb978d8c6b781594b845f6c5011,Like Chase so far and all transfers are smooth and customer service is good too. Like the referral reward system and cash rewards too.,App is easy to use,5,2026-07-12T09:50:08Z,Chase UK,1517121245,ios,gb,en,2.83.0,,False,2026-08-13T11:01:19.120287Z,https://apps.apple.com/gb/app/id1517121245
ef4fb8da1ad73052780827c244f299ed,Great bank! Awesome service!,Awesome,5,2026-07-11T20:30:34Z,Chase UK,1517121245,ios,gb,en,2.83.0,,False,2026-08-13T11:01:19.120287Z,https://apps.apple.com/gb/app/id1517121245
3b056a9acbd90b0bc201a9538a4a65d9,"Generous cash back and saving schemes, clean app format and no problems.",Efficient & generous,5,2026-07-11T11:05:29Z,Chase UK,1517121245,ios,gb,en,2.83.0,,False,2026-08-13T11:01:19.120287Z,https://apps.apple.com/gb/app/id1517121245
b56ec785f70712534540cf8a84b9ccfb,"They have a number of really stupid rules that really catch out out and cause problems - like if you want to transfer balance out of Chase you don’t use your Chase credit card number like you do with any other bank - no, you have to use some totally new made up number! You have no clue this may be the case so you don’t even look for that weird number until it’s too late..",Ridiculous,1,2026-07-11T08:56:37Z,Chase UK,1517121245,ios,gb,en,2.83.0,,False,2026-08-13T11:01:19.120287Z,https://apps.apple.com/gb/app/id1517121245
21a8e14d576e2f82f01ae7266cea90fb,Thank you Chase for all you provide so far tge best bank I have used everything down to the webpage and account layout is superb,Best Bank,5,2026-07-11T06:38:41Z,Chase UK,1517121245,ios,gb,en,2.83.0,,False,2026-08-13T11:01:19.120287Z,https://apps.apple.com/gb/app/id1517121245
d75343e8777cb3430b18abc7f5308f49,Make it difficult to withdraw money. The button isn’t obvious but the add money button is,Difficult,2,2026-07-10T11:33:00Z,Chase UK,1517121245,ios,gb,en,2.83.0,,False,2026-08-13T11:01:19.120287Z,https://apps.apple.com/gb/app/id1517121245
092324b20741aec8e581d576338035ef,Excellent rewards,So easy,5,2026-07-10T08:55:15Z,Chase UK,1517121245,ios,gb,en,2.83.0,,False,2026-08-13T11:01:19.120287Z,https://apps.apple.com/gb/app/id1517121245
224f90c649199a84b9093f5f1ea0b0dd,Chase have been excellent so far even buying a car the money was easily transferred for quite a large amount.,My chase Account,5,2026-07-09T17:33:06Z,Chase UK,1517121245,ios,gb,en,2.82.0,,False,2026-08-13T11:01:19.120287Z,https://apps.apple.com/gb/app/id1517121245
c0a495e56ddbf0498ae90bc9f0abc59f,I genuinely believe this is the best bank in the UK right now with lot of features from 2% cashback good interest on savings and best part is you get to earn some money referring to your friends and families.,Chase Uk,5,2026-07-09T11:36:15Z,Chase UK,1517121245,ios,gb,en,2.82.0,,False,2026-08-13T11:01:19.120287Z,https://apps.apple.com/gb/app/id1517121245
b9fded194d4e4b1ade1060d9fe73d7e0,Chase account is perfect,Chase,5,2026-07-08T20:51:27Z,Chase UK,1517121245,ios,gb,en,2.82.0,,False,2026-08-13T11:01:19.120287Z,https://apps.apple.com/gb/app/id1517121245
b3005463bb87c9646f9ce8cf0fb86c0f,I’m so impressed with how quick and easy it has been to open my Chase account. iEverything is handled so efficiently.,Impressive,5,2026-07-08T16:40:41Z,Chase UK,1517121245,ios,gb,en,2.82.0,,False,2026-08-13T11:01:19.120287Z,https://apps.apple.com/gb/app/id1517121245
4730076e6a74a48e6350b0a9ca3158da,Easy use,Great app,5,2026-07-08T13:24:55Z,Chase UK,1517121245,ios,gb,en,2.82.0,,False,2026-08-13T11:01:19.120287Z,https://apps.apple.com/gb/app/id1517121245
8c6d0b0cbeebc64cec31c56e2fce73ba,Been amazing helped me when I was scammed and general all round good service,My bank,5,2026-07-08T11:29:56Z,Chase UK,1517121245,ios,gb,en,2.82.0,,False,2026-08-13T11:01:19.120287Z,https://apps.apple.com/gb/app/id1517121245
589d92f77ac61da8e2182e053dbe5fb7,Chase Bank are a top notch bank. I can’t praise them highly enough. The app is very secure and super easy to use. I’m so glad I joined Chase Bank and I would recommend them to everyone. Thank you!,Excellent banking app,5,2026-07-07T19:22:22Z,Chase UK,1517121245,ios,gb,en,2.82.0,,False,2026-08-13T11:01:19.120287Z,https://apps.apple.com/gb/app/id1517121245
982e043659c63e47f2882d00a3bcb8e8,Very good,Chase,5,2026-07-07T09:50:09Z,Chase UK,1517121245,ios,gb,en,2.82.0,,False,2026-08-13T11:01:19.120287Z,https://apps.apple.com/gb/app/id1517121245
77e7a95d94f86e3a68f31a4dd10776c6,Just so easy and convenient to use and move money about,Kaz,5,2026-07-06T11:30:30Z,Chase UK,1517121245,ios,gb,en,2.82.0,,False,2026-08-13T11:01:19.120287Z,https://apps.apple.com/gb/app/id1517121245
a4379cc8c541b704ee6062d50f650c4d,So quick and easy to set up and use. The rewards are almost instant.,Quick and Easy,5,2026-07-06T06:18:33Z,Chase UK,1517121245,ios,gb,en,2.82.0,,False,2026-08-13T11:01:19.120287Z,https://apps.apple.com/gb/app/id1517121245
c1a5432371b64fe08f9891c47c19056d,Great,Mr Nour,5,2026-07-05T20:50:52Z,Chase UK,1517121245,ios,gb,en,2.82.0,,False,2026-08-13T11:01:19.120287Z,https://apps.apple.com/gb/app/id1517121245
c24898b611941b1990b65536e2d6f7af,App is friendly to use and fairly simplistic with less user touches needed. Please keep up the good work Chase UK Team.,Current Account and Savings Account,5,2026-07-03T17:46:31Z,Chase UK,1517121245,ios,gb,en,2.82.0,,False,2026-08-13T11:01:19.120287Z,https://apps.apple.com/gb/app/id1517121245
3cbfd36054010d7b6052940bd66bee45,"As a loyal Barclaycard customer of many years I decided to make the switch to Chase. The incentives far outweigh the competition for me personally. I travel abroad and both my Chase debit and credit card go with me. There’s no hidden charges when making transactions. That in itself gives me peace of mind. Furthermore, I can receive cash back on my spending when using either card. No such thing with my Platinum Barclaycard. After years of loyalty I didn’t feel this was reciprocated with BC so it was time to make the switch. The app works flawlessly and it is very much easy to navigate - very clean and minimalistic in appearance yet functional. The only slight drawback as to why I have not awarded Chase 5 stars, is that they have changed the criteria for qualifying and have stipulated that you maintain a certain threshold of balance on your account and that you make a minimum of 15 purchases in a month. Overall, it’s a great service that offers great incentives.",Better incentives than the competition,4,2026-07-03T17:05:04Z,Chase UK,1517121245,ios,gb,en,2.82.0,,False,2026-08-13T11:01:19.120287Z,https://apps.apple.com/gb/app/id1517121245
e2a5c5cb0382d783a69755ece59770d1,They focus on new customers and don’t really bother with their loyal customers.,Don’t bother,1,2026-07-01T19:46:07Z,Chase UK,1517121245,ios,gb,en,2.82.0,,False,2026-08-13T11:01:19.120287Z,https://apps.apple.com/gb/app/id1517121245
bc0b42892a8b2af2b2067ad1700e17bf,No joint account option???? Won’t be using for that reason,Nope,2,2026-07-01T18:55:57Z,Chase UK,1517121245,ios,gb,en,2.82.0,,False,2026-08-13T11:01:19.120287Z,https://apps.apple.com/gb/app/id1517121245
7d572af93bd90f8845fa4619470f5592,Simply brilliant,Banking with chase,5,2026-07-01T17:38:42Z,Chase UK,1517121245,ios,gb,en,2.82.0,,False,2026-08-13T11:01:19.120287Z,https://apps.apple.com/gb/app/id1517121245
48d4cf985a8b6c5e76f1c921f7033b76,Just can’t fault this account. Easy App to use. Very helpful staff both on calls and messages. Makes a nice change.,Saver,5,2026-07-01T14:59:51Z,Chase UK,1517121245,ios,gb,en,2.82.0,,False,2026-08-13T11:01:19.120287Z,https://apps.apple.com/gb/app/id1517121245
0f80652b0a81ef916cef9befdfe38004,Amazing bank,Nigel,5,2026-07-01T14:18:48Z,Chase UK,1517121245,ios,gb,en,2.82.0,,False,2026-08-13T11:01:19.120287Z,https://apps.apple.com/gb/app/id1517121245
c66966f16735726813cce8c82515f911,I have been using the app for a few months now and really appreciate having everything in one place including JPM personal investing - the app is one of the greatest and really shows data in a smart way and everything is seamless and easy to use - Well done!,User-friendly & Great look & feel,5,2026-07-01T14:02:27Z,Chase UK,1517121245,ios,gb,en,2.82.0,,False,2026-08-13T11:01:19.120287Z,https://apps.apple.com/gb/app/id1517121245
1b78a6b8d715088a73db834acf8d118c,Best app on my phone,Fantastic Bank,5,2026-07-01T13:44:54Z,Chase UK,1517121245,ios,gb,en,2.82.0,,False,2026-08-13T11:01:19.120287Z,https://apps.apple.com/gb/app/id1517121245
4e818c8e0ddb1473b115563597383498,Such an easy to Use app!,UI is very nice,5,2026-07-01T12:15:50Z,Chase UK,1517121245,ios,gb,en,2.82.0,,False,2026-08-13T11:01:19.120287Z,https://apps.apple.com/gb/app/id1517121245
a184c522beee0e75e9b145b6ba12cd4c,No prompts coming up for authorisation following the new update,Truelayer transfer can’t be authorised,1,2026-07-28T18:57:05Z,Barclays,536248734,ios,gb,en,3.72.25,,False,2026-08-13T11:01:19.120287Z,https://apps.apple.com/gb/app/id536248734
5cba0caad0315f6ba14e3cfeb07ae7ed,It’s getting totally ridiculous trying to transfer money . I know you are trying to protect people but there is a limit . Each time I try to transfer money I’am told it’s a scam . Even to my own accounts with a different bank . If this continue to be a problem iam off . I don’t get this pressure from my other accounts .,Transferring Money,1,2026-07-28T18:50:35Z,Barclays,536248734,ios,gb,en,3.72.25,,False,2026-08-13T11:01:19.120287Z,https://apps.apple.com/gb/app/id536248734
9006f4419f7a0918dddbbf76f0026fbb,Great app and very simple to use,Bullen,5,2026-07-28T16:23:04Z,Barclays,536248734,ios,gb,en,3.72.25,,False,2026-08-13T11:01:19.120287Z,https://apps.apple.com/gb/app/id536248734
e80137f2b017fadb96b9cc4f6322807b,Super!,Excellently,5,2026-07-28T15:59:16Z,Barclays,536248734,ios,gb,en,3.72.25,,False,2026-08-13T11:01:19.120287Z,https://apps.apple.com/gb/app/id536248734
82f806f3c976ab755144ef65fa8ba328,Seamless,The BOSS,5,2026-07-28T15:55:44Z,Barclays,536248734,ios,gb,en,3.72.25,,False,2026-08-13T11:01:19.120287Z,https://apps.apple.com/gb/app/id536248734
bc7efa3d866f9b67b7bfaa9fd40959a0,The latest update to this great app has unfortunately pulled out a key feature. The daily account balance has been removed in favour of a total daily spend. This is a step back.,Latest update misses some features,3,2026-07-28T15:38:29Z,Barclays,536248734,ios,gb,en,3.72.25,,False,2026-08-13T11:01:19.120287Z,https://apps.apple.com/gb/app/id536248734
f02becbe7558aaff36cf4e4121995684,I like to use Barclays app as it’s quick and safe thanks Barclays,Review,5,2026-07-28T14:11:39Z,Barclays,536248734,ios,gb,en,3.72.25,,False,2026-08-13T11:01:19.120287Z,https://apps.apple.com/gb/app/id536248734
49df26a8a41bf462efa01ef084abe48e,Surely a bank should show me balances as well as transactions!!,Why can’t I see balances,1,2026-07-28T13:38:49Z,Barclays,536248734,ios,gb,en,3.72.25,,False,2026-08-13T11:01:19.120287Z,https://apps.apple.com/gb/app/id536248734
8406dbde2a088fe6694eac302e1bb68d,It’s so easy to use the app.Timely notification sent.,Excellent service,5,2026-07-28T13:07:57Z,Barclays,536248734,ios,gb,en,3.72.25,,False,2026-08-13T11:01:19.120287Z,https://apps.apple.com/gb/app/id536248734
3e7d90e4ed82bc67f1d2ce503361443c,"You have taken an excellent working app and redeveloped an app that is absolutely horrible and completely unusable making transactions between banking apps. Just a simple task of transferring money from one account to another within Barclays is the worst I have ever known. It simply won’t do what I want. I want to transfer, say A to B but it constantly wants to transfer from B to A. Also, trying to pay my credit card and the Barclays app opens from my credit card app. They used to link up but now, It doesn’t do anything, I cannot choose which account to use to pay my credit card. It no longer links. It’s taken me over two hours to make three payments, when it took less than 5 minutes with the previous app. I used to receive instant notification that my Credit Card company had received a payment, albeit pending but now, nothing. Not knowing if I’ve sent the money to the correct place with the correct reference number. Who knows. (Update) I have now received confirmation that a manual payment I made on Saturday Jul 25th was sent to an old account that no longer exists instead of my Credit Card’s new account. This is the problem YOU have caused by not allowing the two apps to link together and me making a manual payment to the former card company’s bank. Now I have to wait several days for this money to bounce back to me before I make a further MANUAL payment to the correct company. This is total rubbish and an unusable app. Also, after several attempts trying to pay another Credit Card, YOUR app has now blocked ME from paying my Credit Card, in which I had to go to online banking to unblock it. Why change something that was perfectly fine before? I absolutely despise this updated app. Going by other reviews too, many feel the same about this updated UI but Barclays don’t seem to care about their very long-standing customers. You have gone from a 5 Star review to a 1 Star. I would give minus 5 but I cannot. Please change it back, before I close my accounts after 40+ years and go elsewhere.",Absolutely Horrible Update...,1,2026-07-28T11:43:17Z,Barclays,536248734,ios,gb,en,3.72.25,,False,2026-08-13T11:01:19.120287Z,https://apps.apple.com/gb/app/id536248734
276741f46b03a94519f32ae55727901f,The app opens shows account for a brief second before they disappear and shows an error code 00002. Tried deleting and reinstalling and the same thing happens again tried contacting Barclays to no avail,Useless,1,2026-07-28T11:18:42Z,Barclays,536248734,ios,gb,en,3.72.25,,False,2026-08-13T11:01:19.120287Z,https://apps.apple.com/gb/app/id536248734
6fa015e4131074f77dcdfdc94a9396e6,I’ve used this great app multiple times daily for many years now and it has slowly improved and made money management much easier. I would hate to be without it. Good job Barclays.,Great App and camera much improved,4,2026-07-28T10:39:19Z,Barclays,536248734,ios,gb,en,3.72.25,,False,2026-08-13T11:01:19.120287Z,https://apps.apple.com/gb/app/id536248734
9d7c1676fac8ec00b066f24682c25b0c,Very easily to use and great services,Mr Hassan,5,2026-07-28T08:58:36Z,Barclays,536248734,ios,gb,en,3.72.25,,False,2026-08-13T11:01:19.120287Z,https://apps.apple.com/gb/app/id536248734
4e65190295e571eb8057a4cd2e20861b,Glitchy and not working to allow a new account to be set up. Honestly I’m surprised it’s possible for a Barclays app to be this awful,Useless,1,2026-07-28T06:08:32Z,Barclays,536248734,ios,gb,en,3.72.25,,False,2026-08-13T11:01:19.120287Z,https://apps.apple.com/gb/app/id536248734
649019ee5f20350978a4c787e65a46bc,Excellent,Very good,5,2026-07-28T02:14:54Z,Barclays,536248734,ios,gb,en,3.72.25,,False,2026-08-13T11:01:19.120287Z,https://apps.apple.com/gb/app/id536248734
4871f00ce1593f46086951ae686e9eff,123,Banking here is ok will get better for me was doing gr8 had trouble in work well cos my deaness,4,2026-07-27T23:04:18Z,Barclays,536248734,ios,gb,en,3.72.25,,False,2026-08-13T11:01:19.120287Z,https://apps.apple.com/gb/app/id536248734
35ac02f69fa029e5d963e716de0fb490,"Recent updates are a step backwards. No daily balance shown on transactions screen which makes it virtually useless. No overall balance shown on all transactions view you have to come back out to see it. Size of font & icons now takes up 4 lines per transaction unless you have the font on your phone set smaller, wasn’t like this before which means more scrolling to find a transaction, not all users have the eyesight of a 20 year old. Final point, calendar view for payments which was very useful has been removed. Overall the latest updates have made the app less useful & definitely less user friendly.",App Updates,1,2026-07-27T16:11:34Z,Barclays,536248734,ios,gb,en,3.72.25,,False,2026-08-13T11:01:19.120287Z,https://apps.apple.com/gb/app/id536248734
cb292d25b6911f7197d1ed6bc225f001,Travelled the World - the fraud response is brilliant- it’s reassuring to know there’s a team watching my back.,Great for business,5,2026-07-27T14:07:59Z,Barclays,536248734,ios,gb,en,3.72.25,,False,2026-08-13T11:01:19.120287Z,https://apps.apple.com/gb/app/id536248734
a96da0400f137a37d550e8ed52266224,I’ve just made a £500 regular payment to the same account that I do on a regular basis and the money is not gone through what is going on?,Payment not gone through,1,2026-07-27T13:51:46Z,Barclays,536248734,ios,gb,en,3.72.25,,False,2026-08-13T11:01:19.120287Z,https://apps.apple.com/gb/app/id536248734
b9d84aba33bbd26ffec0729438f05bbe,The update that shows transactions but not account balance after those transactions is terrible. Please revert this. I hate this view you’ve added.,Changes made it worse,1,2026-07-27T12:58:03Z,Barclays,536248734,ios,gb,en,3.72.25,,False,2026-08-13T11:01:19.120287Z,https://apps.apple.com/gb/app/id536248734
90599d140a49fcac438d2ed9601c4685,"Totally rubbish. When I try to open it, this message always pops up: 00002 Sorry, something's gone wrong. If you try again now and it still doesn't work, please give it some more time before you make another attempt.",Rubbish app,1,2026-07-27T12:20:28Z,Barclays,536248734,ios,gb,en,3.72.25,,False,2026-08-13T11:01:19.120287Z,https://apps.apple.com/gb/app/id536248734
8bfa99d171cba5c748257726567956d4,Fantastic service and excellent customer service every thing good my best bank,J,5,2026-07-27T11:50:16Z,Barclays,536248734,ios,gb,en,3.72.25,,False,2026-08-13T11:01:19.120287Z,https://apps.apple.com/gb/app/id536248734
7ba788758af51be57789bbca88f59a00,Nowhere to find out if my new debit card has been sent!!!,Debit card,1,2026-07-27T10:24:54Z,Barclays,536248734,ios,gb,en,3.72.25,,False,2026-08-13T11:01:19.120287Z,https://apps.apple.com/gb/app/id536248734
41750b4358e92763c1dab7c837683da5,Excellent Service,Professionally Done,5,2026-07-27T10:14:32Z,Barclays,536248734,ios,gb,en,3.72.25,,False,2026-08-13T11:01:19.120287Z,https://apps.apple.com/gb/app/id536248734
d6d2bb56f0e8eeff6b63cdfdc8e5767e,"The new layout for viewing current and savings accounts is very, very poor. Being able to see the running balance on the right hand side of the page needs to be reinstated. This change makes viewing the account very difficult.",Very poor,1,2026-07-27T09:14:56Z,Barclays,536248734,ios,gb,en,3.72.25,,False,2026-08-13T11:01:19.120287Z,https://apps.apple.com/gb/app/id536248734
0db01298d3a2545b8b2793e719ab6aac,You keep promising that full Investment ISA management will be available in the App as it has been with Fidelity and HL for years but I have been waiting for over two years for Barclays to provide this facility. It seems that you treat your investment holders as second class clients meanwhile you take more fees than your competitors. When is this going to change or do I have to take my investments elsewhere?,ISA management,1,2026-07-27T08:38:52Z,Barclays,536248734,ios,gb,en,3.72.25,,False,2026-08-13T11:01:19.120287Z,https://apps.apple.com/gb/app/id536248734
127e24633c2e9c37df421e158b6c931d,"Barclays gives top financial services,not disappointing",Reciew,5,2026-07-27T08:28:35Z,Barclays,536248734,ios,gb,en,3.72.25,,False,2026-08-13T11:01:19.120287Z,https://apps.apple.com/gb/app/id536248734
fc6f9ef25325701b12e6c10a8d2178cb,So straight forward,Good banking app,5,2026-07-27T07:25:12Z,Barclays,536248734,ios,gb,en,3.72.25,,False,2026-08-13T11:01:19.120287Z,https://apps.apple.com/gb/app/id536248734
75bb9d529b66228dd705fcff293698a4,Excellent fast and reliable delivery,Barclays app,5,2026-07-26T20:00:12Z,Barclays,536248734,ios,gb,en,3.72.25,,False,2026-08-13T11:01:19.120287Z,https://apps.apple.com/gb/app/id536248734
897f5dd0795d322a7c05227f87e0f613,Brilliant,Transfer,5,2026-07-26T18:56:02Z,Barclays,536248734,ios,gb,en,3.72.25,,False,2026-08-13T11:01:19.120287Z,https://apps.apple.com/gb/app/id536248734
9ce5d01a1587e09d3a55cf0113b8a2f3,Very poor support for non sterling transactions.,Getting better but....,3,2026-07-26T18:38:59Z,Barclays,536248734,ios,gb,en,3.72.25,,False,2026-08-13T11:01:19.120287Z,https://apps.apple.com/gb/app/id536248734
2d1f31501c30e4f4ee236e3fd2834e38,Best Banking App I have. And I have five of them!,Life made easy!,5,2026-07-26T17:11:10Z,Barclays,536248734,ios,gb,en,3.72.25,,False,2026-08-13T11:01:19.120287Z,https://apps.apple.com/gb/app/id536248734
75682e9200db46e043d8b1fe7adce992,Great app really like the new look 👍,Barclays app,5,2026-07-26T16:49:32Z,Barclays,536248734,ios,gb,en,3.72.25,,False,2026-08-13T11:01:19.120287Z,https://apps.apple.com/gb/app/id536248734
ef21d1350f355e86453f2b74e8d66f08,"The ugliest and most unhelpful update I’ve experienced in an app. If it isn’t broken don’t fix it. Seriously this design is clunky, with childish fonts and information stacked on separate boxes. Ugly. A full reversal needed on this and whoever redesigned it should find a different vocation.",Awful update,1,2026-07-26T16:33:21Z,Barclays,536248734,ios,gb,en,3.72.25,,False,2026-08-13T11:01:19.120287Z,https://apps.apple.com/gb/app/id536248734
1529e5819caab6a13cae79240b65edfd,The app was easy to use,Very good,5,2026-07-26T14:51:44Z,Barclays,536248734,ios,gb,en,3.72.25,,False,2026-08-13T11:01:19.120287Z,https://apps.apple.com/gb/app/id536248734
b8f7a5685e17dba7444eaaeb3421ed83,"Do not like the new app update at all, the way things are now done, do not make sense, if anything makes it harder to understand. you are unable to see what your balance is each day when searching your transactions history, it now just shows you -£ (how much has been spent on that day) where previous it told you your balance before and after a transaction for each day. Change it back",Why why why?,1,2026-07-26T12:50:09Z,Barclays,536248734,ios,gb,en,3.72.25,,False,2026-08-13T11:01:19.120287Z,https://apps.apple.com/gb/app/id536248734
95dfed31d70d21cb49a7c61e3b3d113d,Very good,Best,5,2026-07-26T10:40:22Z,Barclays,536248734,ios,gb,en,3.72.25,,False,2026-08-13T11:01:19.120287Z,https://apps.apple.com/gb/app/id536248734
2aabca6b3e5dbf1506b8327f193351f4,"I’m trying to make an overpayment on my Barclays mortgage by debit card. The payment page goes blank after I submit the payment, and there is no confirmation. The payment is then returned to my bank account the following day",DISAPPOINTED!,1,2026-07-26T08:55:21Z,Barclays,536248734,ios,gb,en,3.72.25,,False,2026-08-13T11:01:19.120287Z,https://apps.apple.com/gb/app/id536248734
8a829faed4afe47bc49b3dc36828aa94,"You MUST bring back the running balance, at the side of transactions, in the account view. I have no idea why you would remove such an important piece of information?? It’s such a necessary feature for people to keep track of their finances. Please bring it back ASAP. This one detail could even be enough for me to close my accounts and move banks I’m so mad about it. I loved this app and have used it ever since it launched. This has ruined it for me.",Running Balance,1,2026-07-26T07:15:38Z,Barclays,536248734,ios,gb,en,3.72.25,,False,2026-08-13T11:01:19.120287Z,https://apps.apple.com/gb/app/id536248734
2e55a929813661913ca7292170624b70,Excellent app,Mr B. M,5,2026-07-26T05:29:32Z,Barclays,536248734,ios,gb,en,3.72.25,,False,2026-08-13T11:01:19.120287Z,https://apps.apple.com/gb/app/id536248734
7ac8b4912a366d010658fcbafc7b73dd,Good bank to bank with a really good customers services,Great feedback,5,2026-07-26T01:08:17Z,Barclays,536248734,ios,gb,en,3.72.25,,False,2026-08-13T11:01:19.120287Z,https://apps.apple.com/gb/app/id536248734
6987aa13c72f245b25a30a9eb8c69517,"I cannot fault the app at all. I’ve been using it for years now, and never had any problems at all. Highly recommended to all Barclays customers.",A superb app.,5,2026-07-25T18:52:06Z,Barclays,536248734,ios,gb,en,3.72.25,,False,2026-08-13T11:01:19.120287Z,https://apps.apple.com/gb/app/id536248734
a127224b91f2892e936471206ff48cac,Absolutely dreadful! I would give it no stars if I could.,New layout,1,2026-07-25T16:41:06Z,Barclays,536248734,ios,gb,en,3.72.25,,False,2026-08-13T11:01:19.120287Z,https://apps.apple.com/gb/app/id536248734
476c6352cbebfa4a81b04c660e889ae4,Enjoying using my card,Summer vacation,4,2026-07-25T14:02:58Z,Barclays,536248734,ios,gb,en,3.72.25,,False,2026-08-13T11:01:19.120287Z,https://apps.apple.com/gb/app/id536248734
684b76606fa7a3a31aaa78d9d8d2314a,The new upgraded app is terrible calendar view has gone and won’t let true layer connect too my account absolute awful upgrade,New app terrible,1,2026-07-25T12:43:02Z,Barclays,536248734,ios,gb,en,3.72.25,,False,2026-08-13T11:01:19.120287Z,https://apps.apple.com/gb/app/id536248734
6ac8bf087cc9e18c8ff83bc6dbeaeec6,The new app is very slow loading up making it usable for just quickly checking my account balance on the fly,Very slow loading,1,2026-07-25T12:30:46Z,Barclays,536248734,ios,gb,en,3.72.25,,False,2026-08-13T11:01:19.120287Z,https://apps.apple.com/gb/app/id536248734
d45caffcce6696ff76cf5b21ba166b5e,"I hate the new design 😭 In comparison to the old one, this one is soo disgusting and unintuitive!! No animations, everything is hidden behind another cluttered layout.. it’s horrible!! I am actually thinking about switching to another bank since I can’t just look at it or use it. It feels like a child made this, unprofessional and hard to use.",New app design is HORRIBLE,1,2026-07-25T10:29:19Z,Barclays,536248734,ios,gb,en,3.72.25,,False,2026-08-13T11:01:19.120287Z,https://apps.apple.com/gb/app/id536248734
0cba216a8f7729913d4a3678b6fbaa8d,"Really easy to use, quick and efficient.",Well designed,5,2026-07-25T09:16:10Z,Barclays,536248734,ios,gb,en,3.72.25,,False,2026-08-13T11:01:19.120287Z,https://apps.apple.com/gb/app/id536248734
6f4397b9b10c3b4066211ba31d8cd52e,"Look after my money, scammers and missing moneys",Barclays are always one step ahead...,5,2026-07-25T07:45:44Z,Barclays,536248734,ios,gb,en,3.72.25,,False,2026-08-13T11:01:19.120287Z,https://apps.apple.com/gb/app/id536248734
b5c26a3d6ff33b4f0b54945b9f05db2e,Excellent banking,Excellent,5,2026-07-25T07:35:04Z,Barclays,536248734,ios,gb,en,3.72.25,,False,2026-08-13T11:01:19.120287Z,https://apps.apple.com/gb/app/id536248734
19b2280a0860c09185dc204ebdd16415,Unsuee,Letmeleaveolanetearththx,5,2026-07-25T00:13:57Z,Barclays,536248734,ios,gb,en,3.72.25,,False,2026-08-13T11:01:19.120287Z,https://apps.apple.com/gb/app/id536248734
7118ff0f7b366b55feb5a33bcd37ca77,"Payments in or out take seconds to do,better than crypto.",Amazing,5,2026-07-25T00:05:19Z,Barclays,536248734,ios,gb,en,3.72.25,,False,2026-08-13T11:01:19.120287Z,https://apps.apple.com/gb/app/id536248734
54ab5760dafe905713210450322719c2,Absolutely,The best banking app,5,2026-07-24T20:37:01Z,Barclays,536248734,ios,gb,en,3.72.25,,False,2026-08-13T11:01:19.120287Z,https://apps.apple.com/gb/app/id536248734
3853b3b86d1cb5d33b7b052f51d94bc8,"Generally does what I want it to, without too much difficulty and ‘mostly’ easy to find things. Overall far better functionality than many other bank apps.",One of the better bank apps,5,2026-07-24T18:57:57Z,Barclays,536248734,ios,gb,en,3.72.25,,False,2026-08-13T11:01:19.120287Z,https://apps.apple.com/gb/app/id536248734
7e04db1b00b6509bb3af3e53b46fc08b,"Clean interface, simple to use, and few steps to a fast transaction.",Fast and Simple,5,2026-07-24T18:36:35Z,Barclays,536248734,ios,gb,en,3.72.25,,False,2026-08-13T11:01:19.120287Z,https://apps.apple.com/gb/app/id536248734
1e5843ad9f40113a10adbdee0f502673,I just safe with Barclays and my views are respected,Safety,5,2026-07-24T18:12:27Z,Barclays,536248734,ios,gb,en,3.72.25,,False,2026-08-13T11:01:19.120287Z,https://apps.apple.com/gb/app/id536248734
0104244cf3c639d9a9f6df315f159663,Fantastic app,Ms,5,2026-07-24T14:56:03Z,Barclays,536248734,ios,gb,en,3.72.25,,False,2026-08-13T11:01:19.120287Z,https://apps.apple.com/gb/app/id536248734
2cb18ef6752b7e2774fddc41d2268b05,The new app looks like a child’s account. It’s clunky and hard to navigate . It looks like a down grade rather than a professional trusted bank .,New apps awful,1,2026-07-24T13:00:42Z,Barclays,536248734,ios,gb,en,3.72.25,,False,2026-08-13T11:01:19.120287Z,https://apps.apple.com/gb/app/id536248734
002ea8e033b3b96a68f59b34785cd1c4,"I use this app to make mortgage overpayments. On a frequent basis the attempt is unsuccessful. I have to try multiple times before I strike lucky. I make overpayments using a debit card from another bank account, the Barclays app asks me to confirm it’s me making the payment using the other bank accounts app which I successfully do. When I return to Barclays app, the process gets stuck/freezes and payment is unsuccessful. I’ve noticed this on multiple occasions over many months. I am using iOS/iPhone software and everything is up-to-date.",Freeze glitch,2,2026-07-24T11:19:41Z,Barclays,536248734,ios,gb,en,3.72.25,,False,2026-08-13T11:01:19.120287Z,https://apps.apple.com/gb/app/id536248734
aad118a8492f5425a29a2146301d0833,"Updated July 26 still constant problems with the app crashing. The app messed up my mortgage application and has cost me money, formal complaint made to Barclays. Several times recently the app fails to load. I get the spinning wheel where it thinks about it but never loads up. Rather frustrating when I can’t access my own money. Other times it is slow",Frustrated,1,2026-07-24T09:47:36Z,Barclays,536248734,ios,gb,en,3.72.25,,False,2026-08-13T11:01:19.120287Z,https://apps.apple.com/gb/app/id536248734
3441a4e89f545ff73763ff0e9cfc5aaf,"Excellent, always been great... Thank you Barclays",Mrs Z S M,5,2026-07-24T07:21:44Z,Barclays,536248734,ios,gb,en,3.72.25,,False,2026-08-13T11:01:19.120287Z,https://apps.apple.com/gb/app/id536248734
ad55e034553abb7e785306602289c7de,It’s a shame that the app then you schedule a on off payment for the future you cannot see it in the app. As far as I can tell only direct debits and standing orders show in the scheduled payment section. Please sort this issue out and then the app will be much better .,Scheduled payments not all showing,4,2026-07-24T05:43:19Z,Barclays,536248734,ios,gb,en,3.72.25,,False,2026-08-13T11:01:19.120287Z,https://apps.apple.com/gb/app/id536248734
dd248e1bbca193f2e741e003cb63cf0c,The service is very awesome,Awesome,5,2026-07-23T22:20:23Z,Barclays,536248734,ios,gb,en,3.72.25,,False,2026-08-13T11:01:19.120287Z,https://apps.apple.com/gb/app/id536248734
372c2b45510d66c70a264c62961e5184,I’ve been with Barclays for nearly 24years I can happily say that it’s the best bank.,Great Banking,5,2026-07-23T22:18:49Z,Barclays,536248734,ios,gb,en,3.72.25,,False,2026-08-13T11:01:19.120287Z,https://apps.apple.com/gb/app/id536248734
9ff495e9c5e1ac910a793db27e47abd4,Easy to use and I’m continually impressed with their security features,Great security,5,2026-07-23T17:28:38Z,Barclays,536248734,ios,gb,en,3.72.25,,False,2026-08-13T11:01:19.120287Z,https://apps.apple.com/gb/app/id536248734
ced29ed8b943c26b163e7b6bdade70a6,Very good,Mr Joshy Francis,5,2026-07-23T17:09:27Z,Barclays,536248734,ios,gb,en,3.72.25,,False,2026-08-13T11:01:19.120287Z,https://apps.apple.com/gb/app/id536248734
c1d1bbe9bd2c65eb14a972cf16f749af,"All the apps I use — social media, other banks, and my whole phone — have Dark Mode now. It is much easier on my eyes, especially in the evening. My phone’s system-wide dark setting does not apply inside this app, so I need Dark Mode built directly into the Barclays app. I have already called support to request this too — it is a feature everyone expects these days. Thank you — Salam",Please add Dark Mode,5,2026-07-23T16:53:44Z,Barclays,536248734,ios,gb,en,3.72.25,,False,2026-08-13T11:01:19.120287Z,https://apps.apple.com/gb/app/id536248734
3055f2d091e6cb6a5b30629a1b8976b1,My banking is easy with Barclays,Easy to use,5,2026-07-23T16:34:40Z,Barclays,536248734,ios,gb,en,3.72.25,,False,2026-08-13T11:01:19.120287Z,https://apps.apple.com/gb/app/id536248734
cc612a1714d59352c20bf431fd55828a,Easy to use app,Good app,5,2026-07-23T16:32:55Z,Barclays,536248734,ios,gb,en,3.72.25,,False,2026-08-13T11:01:19.120287Z,https://apps.apple.com/gb/app/id536248734
9833f4e5a656daa26342b95663a21f7f,Very good bank account and helpful to better transaction,Fast transaction,5,2026-07-23T14:07:57Z,Barclays,536248734,ios,gb,en,3.72.25,,False,2026-08-13T11:01:19.120287Z,https://apps.apple.com/gb/app/id536248734
f81249f36e60eeb1c329e0d1fec69c7e,Used to be so quick. Now since the updates it’s so slow,Banking made easy,3,2026-07-23T13:41:58Z,Barclays,536248734,ios,gb,en,3.72.25,,False,2026-08-13T11:01:19.120287Z,https://apps.apple.com/gb/app/id536248734
c71988992e457659289127de743a154a,Needs dark mode faster operating system and more security,Not great,2,2026-07-23T11:44:17Z,Barclays,536248734,ios,gb,en,3.72.25,,False,2026-08-13T11:01:19.120287Z,https://apps.apple.com/gb/app/id536248734
eb5c08785a9d75af8c95b193812a638a,Brilliant,Brilliant,5,2026-07-23T09:38:40Z,Barclays,536248734,ios,gb,en,3.72.25,,False,2026-08-13T11:01:19.120287Z,https://apps.apple.com/gb/app/id536248734
52c7954c33c21d56a1ddbba2c0a12ed1,"I really like this app, it’s easy to navigate and always keeps me up to date on any activity on my accounts. But, it’s developed a bug whereby every time I open it I am being asked to check my email and input a new email address. Why? It’s infuriating and needs sorting out now please Barclays.",Developed a bug,3,2026-07-23T09:29:50Z,Barclays,536248734,ios,gb,en,3.72.25,,False,2026-08-13T11:01:19.120287Z,https://apps.apple.com/gb/app/id536248734
fa742d4291385a5292f9a0032bd02458,Having been with Barclays for over thirty years I can honestly say that I have never thought of changing banks. Very easy to deal with and always helpful,Business as usual,5,2026-07-23T08:51:30Z,Barclays,536248734,ios,gb,en,3.72.25,,False,2026-08-13T11:01:19.120287Z,https://apps.apple.com/gb/app/id536248734
c3e104ac6974c59946acaa5c1972c4be,Barclays has offered me the best services ever. I will always bank with Barclays.,Best bank,5,2026-07-23T08:14:09Z,Barclays,536248734,ios,gb,en,3.72.25,,False,2026-08-13T11:01:19.120287Z,https://apps.apple.com/gb/app/id536248734
9bca3f483c0e8c6a2b4a6d2d9849d14e,App is generally pretty good...however no notification sounds on iPhone still. Used to have the option to be alerted by sound. Why take that option away? Please allow notifications sounds and fix the late notifications. Then it would be 5 stars.,No notification sounds on iPhone. Please fix this.,4,2026-07-22T21:11:52Z,Barclays,536248734,ios,gb,en,3.72.25,,False,2026-08-13T11:01:19.120287Z,https://apps.apple.com/gb/app/id536248734
a65b21977b055b7dbfa14290aaf2a2be,"As a business owner, I have been actually blown away and shocked by the way Barclays have treated me. They watched my Company suffer by holding all my payments. We had to charge back in six months. They stopped our Machine and held my money and my friends put a massive dent on my Company. I rang them in tears and they weren’t interested if you’re thinking of using Barclay card. for your business, please think twice.",Card merchant business shocking treatment beware,1,2026-07-22T21:04:42Z,Barclays,536248734,ios,gb,en,3.72.25,,False,2026-08-13T11:01:19.120287Z,https://apps.apple.com/gb/app/id536248734
666b8bf67fccc1ed04e10a8847fa4dd2,Fantastic,Great,5,2026-07-22T16:59:43Z,Barclays,536248734,ios,gb,en,3.72.25,,False,2026-08-13T11:01:19.120287Z,https://apps.apple.com/gb/app/id536248734
5b69c077e6dcf275823eda35cb78723d,"I don’t like them. They’re not great for quickness, not as before. Af first when the changes came about, I found the app a little frustrating I guess due to the changes. I also don’t like the style, it makes the app appear simple, child like. I’m sorry you changed it. Perhaps next time place a small multiple choice segment in the messages section, that way customers can choose what they like therefore allowing Barclays’s to go with the majority ‘likes’ that’s what I would have done.",New changes to App,2,2026-07-22T16:51:56Z,Barclays,536248734,ios,gb,en,3.72.25,,False,2026-08-13T11:01:19.120287Z,https://apps.apple.com/gb/app/id536248734
ec1630da747cf7b24fe20a4d41aac676,All good except no option to say no change on circumstances check,Ap,4,2026-07-22T15:52:36Z,Barclays,536248734,ios,gb,en,3.72.25,,False,2026-08-13T11:01:19.120287Z,https://apps.apple.com/gb/app/id536248734
91c6f6203219b595c5b8a6a70e24439b,Always at hand to manage my money and keep an eye on my spending and investments,Easy Money Management,5,2026-07-22T13:38:40Z,Barclays,536248734,ios,gb,en,3.72.25,,False,2026-08-13T11:01:19.120287Z,https://apps.apple.com/gb/app/id536248734
0d3d77f3c32bcca8b8bd8dbfce08fa97,Very easy and quick process to transfer money from one account to another using the Barclays App. 👍,Money transfer,5,2026-07-22T12:46:46Z,Barclays,536248734,ios,gb,en,3.72.25,,False,2026-08-13T11:01:19.120287Z,https://apps.apple.com/gb/app/id536248734
a74331ae62d5a1b38bfb240681c93149,Really easy to use and very responsive.,Excellent app,5,2026-07-22T12:27:27Z,Barclays,536248734,ios,gb,en,3.72.25,,False,2026-08-13T11:01:19.120287Z,https://apps.apple.com/gb/app/id536248734
16dbc5479ff5386e80b877bfa702b24d,10,Top,5,2026-07-22T12:12:05Z,Barclays,536248734,ios,gb,en,3.72.25,,False,2026-08-13T11:01:19.120287Z,https://apps.apple.com/gb/app/id536248734
ddb12e038372c81aa9cfc616054b887e,Barclays mobile app is the best efficient and easiest way to get all banking services,Best App,5,2026-07-22T10:01:10Z,Barclays,536248734,ios,gb,en,3.72.25,,False,2026-08-13T11:01:19.120287Z,https://apps.apple.com/gb/app/id536248734
9b6c6caef26a2780a61aafd5d797903b,App easy to use,On the go,5,2026-07-22T04:05:59Z,Barclays,536248734,ios,gb,en,3.72.25,,False,2026-08-13T11:01:19.120287Z,https://apps.apple.com/gb/app/id536248734
ad1a4fae7a3912850ba4c523c7971d4f,Quick and easy to use,Transfer,5,2026-07-21T23:12:12Z,Barclays,536248734,ios,gb,en,3.72.25,,False,2026-08-13T11:01:19.120287Z,https://apps.apple.com/gb/app/id536248734
8001974871f38241de4d4dab25d9c0b4,Very pleased with your app,Mr,5,2026-07-21T17:01:43Z,Barclays,536248734,ios,gb,en,3.72.25,,False,2026-08-13T11:01:19.120287Z,https://apps.apple.com/gb/app/id536248734
dda41c78b7c1e53e855fbf1373641f2f,Although this is an intuitive app it would be helpful if there could be a few more permitted characters in the description of transactions. Thanks,Transfers,4,2026-07-21T11:12:57Z,Barclays,536248734,ios,gb,en,3.72.25,,False,2026-08-13T11:01:19.120287Z,https://apps.apple.com/gb/app/id536248734
92eca1c33c7b203e8046793cc1892310,Fantastic,Miss,5,2026-07-21T10:15:39Z,Barclays,536248734,ios,gb,en,3.72.25,,False,2026-08-13T11:01:19.120287Z,https://apps.apple.com/gb/app/id536248734
690014d27a720b7c0de54cef0b7fff62,Useless bank,Useless,1,2026-07-21T09:33:48Z,Barclays,536248734,ios,gb,en,3.72.25,,False,2026-08-13T11:01:19.120287Z,https://apps.apple.com/gb/app/id536248734
bd1506384979f7ebc2101fb39e2bb881,Thank you for all service and support,The best one,5,2026-07-21T08:30:39Z,Barclays,536248734,ios,gb,en,3.72.25,,False,2026-08-13T11:01:19.120287Z,https://apps.apple.com/gb/app/id536248734
a6e0c0cee4925c0a62a6314dd1331f5d,Please fix the bug when trying to make overpayments on mortgage the app crashes everytime,Bugs,1,2026-07-20T21:22:17Z,Barclays,536248734,ios,gb,en,3.72.25,,False,2026-08-13T11:01:19.120287Z,https://apps.apple.com/gb/app/id536248734
3c27fbb986c436388efcf6464b2f727c,"Update July 26... it gets worse, PLEASE bring back the rolling balance being visible. I can’t go into statements every time I need to see what my balance was on a certain date, it’s a massive headache! Update May 26... can’t access the app with the recent update, just gets stuck on the terms and conditions page. Pretty disastrous Barclays please fix quickly! Couldn't fault the last version, but now everything is in light fonts, credits and debits not colour coded any more, takes ages to load account details... Really un-user friendly. Shame. Classic case of tweaking for the sake of it and design over substance - and those are words coming from a designer.",Was good...,3,2026-07-20T19:25:37Z,Barclays,536248734,ios,gb,en,3.72.25,,False,2026-08-13T11:01:19.120287Z,https://apps.apple.com/gb/app/id536248734
dd69d1d97797722f5c0a24b411a5cd12,All easy and efficient,Transfer money,5,2026-07-20T18:36:01Z,Barclays,536248734,ios,gb,en,3.72.25,,False,2026-08-13T11:01:19.120287Z,https://apps.apple.com/gb/app/id536248734
5b8ffa542e1ece661d8651a9fe63d275,W zasięgu ręki,Shell,5,2026-07-20T16:49:46Z,Barclays,536248734,ios,gb,en,3.72.25,,False,2026-08-13T11:01:19.120287Z,https://apps.apple.com/gb/app/id536248734
61749a6dcf5979897add08e7b6be5548,"I like being with Barclays. Always there, easy to bank both national and international. Could we have a block recurring card payment option. Too many scammers in China and the US",Request,5,2026-07-20T14:51:03Z,Barclays,536248734,ios,gb,en,3.72.25,,False,2026-08-13T11:01:19.120287Z,https://apps.apple.com/gb/app/id536248734
beb68a0458a8ea6e60c4d03b27e1b247,Safe and easy to use,Mobile banking,5,2026-07-20T13:57:42Z,Barclays,536248734,ios,gb,en,3.72.25,,False,2026-08-13T11:01:19.120287Z,https://apps.apple.com/gb/app/id536248734
e1b6bd5d8a5e5e7447de6f9ce5bbfe88,"My gosh, if you’ve moved within the last three years, the app apparently saves your old address instead of your new one. Changing it is a nightmare, and your credit cards and other important documents can end up being sent to the wrong address",Terrible app,1,2026-07-20T13:33:22Z,Barclays,536248734,ios,gb,en,3.72.25,,False,2026-08-13T11:01:19.120287Z,https://apps.apple.com/gb/app/id536248734
fc50e01604eb85e565b1ee4f30554079,ATM Asda Luton,Money,1,2026-07-20T13:31:15Z,Barclays,536248734,ios,gb,en,3.72.25,,False,2026-08-13T11:01:19.120287Z,https://apps.apple.com/gb/app/id536248734
811cfa2049147aca4d77b076fe1e7071,Very good as always.,G. M. Dervish,2,2026-07-20T13:16:37Z,Barclays,536248734,ios,gb,en,3.72.25,,False,2026-08-13T11:01:19.120287Z,https://apps.apple.com/gb/app/id536248734
459e0fde2c3d2e347dcda739b130b759,The app is appalling for basic features that should just work. Setting up a direct debit to make credit card payments does not work. I couldn’t even make manual payments through the app to make the credit card. Error messages every time. In-app support also does now work so I can’t resolve the issue without calling and going through a thousand options before being able to speak to anyone. How is it that bank with the resources of Barclays are so incapable of creating a basic working app? I’ve closed my account and reverting back to Monzo,App unusable,1,2026-07-20T11:51:54Z,Barclays,536248734,ios,gb,en,3.72.25,,False,2026-08-13T11:01:19.120287Z,https://apps.apple.com/gb/app/id536248734
23542454bdab3909e5a727ef74fcd697,"The all Banks,for me Barclays is the best❤️",The best,5,2026-07-20T10:27:46Z,Barclays,536248734,ios,gb,en,3.72.25,,False,2026-08-13T11:01:19.120287Z,https://apps.apple.com/gb/app/id536248734
4d2d78ef7445445a1190866199c28b8c,I think the Barclays App is very easy to use. It’s makes banking life easy. Well done!,Quick and easy,5,2026-07-20T08:03:04Z,Barclays,536248734,ios,gb,en,3.72.25,,False,2026-08-13T11:01:19.120287Z,https://apps.apple.com/gb/app/id536248734
e7fe3924d92ea6f165d6c241c13961ee,Unusable can’t add accounts,Buggy app always get error messages,1,2026-07-20T07:49:33Z,Barclays,536248734,ios,gb,en,3.72.25,,False,2026-08-13T11:01:19.120287Z,https://apps.apple.com/gb/app/id536248734
36a5e6e1ad3b98ee859c7d9452c6a3d5,Best one,Ishwor,4,2026-07-20T05:56:31Z,Barclays,536248734,ios,gb,en,3.72.25,,False,2026-08-13T11:01:19.120287Z,https://apps.apple.com/gb/app/id536248734
613f67bb0b96191b4ec6450372b7fa46,"This app is fabulous, makes looking after my money easy. Couldn’t be without it.",Fabulous,5,2026-07-20T05:39:54Z,Barclays,536248734,ios,gb,en,3.72.25,,False,2026-08-13T11:01:19.120287Z,https://apps.apple.com/gb/app/id536248734
0c137a823d7db7c04b1c521eba03adc4,The App is the best bank App and shows everything in real time,Usability,5,2026-07-19T22:15:11Z,Barclays,536248734,ios,gb,en,3.72.25,,False,2026-08-13T11:01:19.120287Z,https://apps.apple.com/gb/app/id536248734
2dc3fbaf55f700774cc706efdf1958c6,Easy to use with full satisfaction. Keep it up and wish you all the best,Very very good,5,2026-07-19T20:58:31Z,Barclays,536248734,ios,gb,en,3.72.25,,False,2026-08-13T11:01:19.120287Z,https://apps.apple.com/gb/app/id536248734
bfceb3b09de5ce14564b5f57f72a8a78,John Yanny,Fr,5,2026-07-19T20:17:16Z,Barclays,536248734,ios,gb,en,3.72.25,,False,2026-08-13T11:01:19.120287Z,https://apps.apple.com/gb/app/id536248734
b6952d0660a37acb7cf92444768b8aae,"Fantastic, simple and easy...with range of options to manage account. Fabulous interface and exceed my expectations on all fronts Well done Team Barclays",Best of the best,5,2026-07-19T20:02:29Z,Barclays,536248734,ios,gb,en,3.72.25,,False,2026-08-13T11:01:19.120287Z,https://apps.apple.com/gb/app/id536248734
f5440ab2d989f77edbbe8b9717797e14,I really appreciate the whole Barclays team. They make sure banking with them is safe.,Safe and secure banking,5,2026-07-19T17:45:19Z,Barclays,536248734,ios,gb,en,3.72.25,,False,2026-08-13T11:01:19.120287Z,https://apps.apple.com/gb/app/id536248734
b7fec58bb83a7a8b9aa02311d7f14821,Excellent,Online banking,5,2026-07-19T17:44:28Z,Barclays,536248734,ios,gb,en,3.72.25,,False,2026-08-13T11:01:19.120287Z,https://apps.apple.com/gb/app/id536248734
4db76a1e904689f0191d458b1c781750,"Not a review, but a gripe: after the recent major update, I can no longer see the running balance in my accounts. It was invaluable to be able to see how much is in a particular account compared with, say, two weeks ago or the same date last month. Now it only shows money in or out, but not the balance at that time! Surely this is basic banking information? Another example of ‘streamlining the experience ’, i.e., removing useful features. Not happy.",Can’t see running balance,1,2026-07-19T17:00:56Z,Barclays,536248734,ios,gb,en,3.72.25,,False,2026-08-13T11:01:19.120287Z,https://apps.apple.com/gb/app/id536248734
ed3db7378367a2476166adb5dd8f39e5,5 stars,Mr,5,2026-07-19T16:36:01Z,Barclays,536248734,ios,gb,en,3.72.25,,False,2026-08-13T11:01:19.120287Z,https://apps.apple.com/gb/app/id536248734
9581c449e49c1ede974bc6d8acc71c42,Wonderful,Barclay app,5,2026-07-19T15:39:28Z,Barclays,536248734,ios,gb,en,3.72.25,,False,2026-08-13T11:01:19.120287Z,https://apps.apple.com/gb/app/id536248734
a6102adbff98f022d609c2c9ff5c1a0a,I have never had an issue with this app. Always works and is never a let down.,Super Reliable,5,2026-07-19T15:07:58Z,Barclays,536248734,ios,gb,en,3.72.25,,False,2026-08-13T11:01:19.120287Z,https://apps.apple.com/gb/app/id536248734
4a69aa1458099106a124effb46b4a1f8,Good service,Good service,5,2026-07-19T13:14:21Z,Barclays,536248734,ios,gb,en,3.72.25,,False,2026-08-13T11:01:19.120287Z,https://apps.apple.com/gb/app/id536248734
9df5a591cfc8f5f6b33f9597a618b905,I feel that you app works fantastically and is easy to use and instinctive well done Barclays’s,Easy online banking,5,2026-07-19T11:23:23Z,Barclays,536248734,ios,gb,en,3.72.25,,False,2026-08-13T11:01:19.120287Z,https://apps.apple.com/gb/app/id536248734
60adc4b4a3fa55fa4b4c2b0e8a49de73,Not the best banking app I have used.,Banking app,2,2026-07-18T17:11:32Z,Barclays,536248734,ios,gb,en,3.72.25,,False,2026-08-13T11:01:19.120287Z,https://apps.apple.com/gb/app/id536248734
1affab00b8e73e5a5b8f2f376b0814a4,Please remove the banners displaying irrelevant production ads below the accounts list.,Remove in app ad banners,2,2026-07-18T15:03:23Z,Barclays,536248734,ios,gb,en,3.72.25,,False,2026-08-13T11:01:19.120287Z,https://apps.apple.com/gb/app/id536248734
71551381b4252d657f1484bca9660884,"I can no longer pull money to my t212 cash isa because connected bank transfers no longer work. It goes through the steps and then just stops on the front page of the Barclays app, it never makes the transfer for me to authorise. Been on the phone to Barclays and chat to t212 and both just blame each other. Funnily though, my partner is able to send money to her t212 isa but she’s with Halifax. This method worked fine for years but now doesn’t at the same time as the app is updated. Coincidence?",Connected bank transfer not working,1,2026-07-18T13:17:22Z,Barclays,536248734,ios,gb,en,3.72.25,,False,2026-08-13T11:01:19.120287Z,https://apps.apple.com/gb/app/id536248734
19a2ada4491b1f4a6c394c892080fe22,Great app Reliable great app and safe Very amazing appuseful It has everything I need,App,5,2026-07-18T12:37:27Z,Barclays,536248734,ios,gb,en,3.72.25,,False,2026-08-13T11:01:19.120287Z,https://apps.apple.com/gb/app/id536248734
f39bf25addded858e0b3f0b4b04391ea,The Barclays app has always been consistent and reliable over the years just like it’s banking system unlike many other banks which have problems I’ve never experienced anything wrong with this app,Spencer Fearon,5,2026-07-18T11:04:08Z,Barclays,536248734,ios,gb,en,3.72.25,,False,2026-08-13T11:01:19.120287Z,https://apps.apple.com/gb/app/id536248734
f6bb8a5c69d5fe5ac0b77e00fefa312c,Great banking app,Barclays,5,2026-07-18T06:46:34Z,Barclays,536248734,ios,gb,en,3.72.25,,False,2026-08-13T11:01:19.120287Z,https://apps.apple.com/gb/app/id536248734
940e8eeb09a50ffad5f7ace60e233e45,While it is good that Barclays allow you to deposit cash through the post office I wish they would of upped the limit whilst Uxbridge branch is closed as older people cannot travel to other branches,Branch temp closure,5,2026-07-18T06:33:58Z,Barclays,536248734,ios,gb,en,3.72.25,,False,2026-08-13T11:01:19.120287Z,https://apps.apple.com/gb/app/id536248734
5188b15e6b817a23ee39be167de8897e,"It’s made my banking a lot easier now, and it’s simple to use 👍",I Recommend,5,2026-07-17T18:45:46Z,Barclays,536248734,ios,gb,en,3.72.25,,False,2026-08-13T11:01:19.120287Z,https://apps.apple.com/gb/app/id536248734
fdb0469e5201eeb31ca0ab22e1901947,Great app but feel it would be better with texting available as questions can be answered quick. Also if you forget the answer you can look back at your chat,Great,4,2026-07-17T18:32:37Z,Barclays,536248734,ios,gb,en,3.72.25,,False,2026-08-13T11:01:19.120287Z,https://apps.apple.com/gb/app/id536248734
6b84c2e8f657adb758fc061a98722556,Excellent system,Easy,5,2026-07-17T18:27:58Z,Barclays,536248734,ios,gb,en,3.72.25,,False,2026-08-13T11:01:19.120287Z,https://apps.apple.com/gb/app/id536248734
2fc076804378500a663d832e3b70d449,"Love you bro 👊 and thanks for your family and your heritage and your family tree, where is mayor of London from? lol 😂 “Siddiq Khan” King of Bradford, and queen of Afghanistan. Who is his MRS or miss from? (lizards pubz) (Megan’s & Zoe’) Pint 🍻 Nights in New Direct Line Rails 🛤️ and check out the Orange 🍊 with the Elizabeth alone (purple) Queen Elizabeth infinite Jubilees (she has a PhD too) 🧙 The Babuuuuushkaz United against Semi Colonialism ⛲️🪴🇺🇦🙏🗺️🇵🇱🏪👷🧱",I love Mayor of Eng @ldn,5,2026-07-17T17:45:19Z,Barclays,536248734,ios,gb,en,3.72.25,,False,2026-08-13T11:01:19.120287Z,https://apps.apple.com/gb/app/id536248734
cd6516b1cbb20f03156ff70bf9efa954,I don’t need the third degree to pay £23.90 for a pizza order. Since I can’t get cash out anywhere in rural locations what choice do I have?,23.90,1,2026-07-17T17:17:16Z,Barclays,536248734,ios,gb,en,3.72.25,,False,2026-08-13T11:01:19.120287Z,https://apps.apple.com/gb/app/id536248734
2573071782c79db0ab63f453294e01ba,This app does not show you the investments balances portfolio which is not ideal. Just banking products is what it shows,Investments accounts not shown,5,2026-07-17T16:55:50Z,Barclays,536248734,ios,gb,en,3.72.25,,False,2026-08-13T11:01:19.120287Z,https://apps.apple.com/gb/app/id536248734
0a5d2507ea1a033f2dbbe69cea1510bb,What a fab app - love the features and everything in one place ❤️,The Barclays App,5,2026-07-17T16:16:10Z,Barclays,536248734,ios,gb,en,3.72.25,,False,2026-08-13T11:01:19.120287Z,https://apps.apple.com/gb/app/id536248734
1cb639161844eff0206b3747e473ec8d,Where is the option to download transaction data in .qif or .ofx format? You’re closing the Barclaycard online portal where this was available. The Barclays portal you’re directing customers to does not have this option either...,Where are the transaction data download options?,1,2026-07-17T15:57:00Z,Barclays,536248734,ios,gb,en,3.72.25,,False,2026-08-13T11:01:19.120287Z,https://apps.apple.com/gb/app/id536248734
c752086a79edb026a60d46d8ddee536b,Amazingly repointed,Janess21,1,2026-07-17T14:56:47Z,Barclays,536248734,ios,gb,en,3.72.25,,False,2026-08-13T11:01:19.120287Z,https://apps.apple.com/gb/app/id536248734
7494da66158226fd3c2cf7be74cf1686,"This app is brilliant, I’m a technophobe but this app is so easy and numpty friendly it’s amazing!",App,5,2026-07-17T13:58:29Z,Barclays,536248734,ios,gb,en,3.72.25,,False,2026-08-13T11:01:19.120287Z,https://apps.apple.com/gb/app/id536248734
854bfefbd44abbdd9793aee2e24dc490,100 percent recommended,Good good,5,2026-07-17T11:57:46Z,Barclays,536248734,ios,gb,en,3.72.25,,False,2026-08-13T11:01:19.120287Z,https://apps.apple.com/gb/app/id536248734
308896d27b0647e7a5d84dfef8fefe04,The app could be enhanced by - 1) building a feature that shows upcoming regular payments 2) building a night mode feature which allows dark/black background which is healthier for eyes.,Could be better,3,2026-07-17T11:19:39Z,Barclays,536248734,ios,gb,en,3.72.25,,False,2026-08-13T11:01:19.120287Z,https://apps.apple.com/gb/app/id536248734
d8504fc0b5b7ff1def1bcc0353239349,"I’m not great with technology, but this app makes it easy for me to carry out any transaction I choose to. It ensures my safety insecurity in an uncomplicated manner.",Easy and secure,5,2026-07-17T11:19:32Z,Barclays,536248734,ios,gb,en,3.72.25,,False,2026-08-13T11:01:19.120287Z,https://apps.apple.com/gb/app/id536248734
4d4904b64801a6ebb5f3b9141b1f9970,"The standard Barclays App is excellent; the one for the Amazon Barclaycard however is barely functional and crashes repeatedly when trying to perform basic tasks, which usually means a phone call to Customer Services to achieve what should be possible in the App. It is so bad, that I am closing my Amazon Barclaycard account.",Barely functional,1,2026-07-17T10:21:42Z,Barclays,536248734,ios,gb,en,3.72.25,,False,2026-08-13T11:01:19.120287Z,https://apps.apple.com/gb/app/id536248734
e39264fdea1e90f55a95ee4e16fdef86,Great but view my cards bit doesn’t work,Great but,5,2026-07-17T09:10:19Z,Barclays,536248734,ios,gb,en,3.72.25,,False,2026-08-13T11:01:19.120287Z,https://apps.apple.com/gb/app/id536248734
4794512b122be65e81a8f77339ae9ffb,I really appreciate the clarity of function in your app. Great job!,Clarity,5,2026-07-17T09:07:30Z,Barclays,536248734,ios,gb,en,3.72.25,,False,2026-08-13T11:01:19.120287Z,https://apps.apple.com/gb/app/id536248734
1dbe065f114ebd0bf31d5fb01f51dc7c,Great app easy to use,Barclays,5,2026-07-17T09:03:30Z,Barclays,536248734,ios,gb,en,3.72.25,,False,2026-08-13T11:01:19.120287Z,https://apps.apple.com/gb/app/id536248734
5a0aea41a53d3f0931baa81fb8fad7b8,"Great App easy to use,especially as there is no branches left.",Barclays App,5,2026-07-17T08:48:03Z,Barclays,536248734,ios,gb,en,3.72.25,,False,2026-08-13T11:01:19.120287Z,https://apps.apple.com/gb/app/id536248734
a1c633a087bfcb8628fa7b7b51e0b3c8,"Highly recommend, thank you very much",Mr. Thomas Bennett,5,2026-07-17T08:34:02Z,Barclays,536248734,ios,gb,en,3.72.25,,False,2026-08-13T11:01:19.120287Z,https://apps.apple.com/gb/app/id536248734
51beb228acf49c12e12277f6d0f49207,This apps never fails me,Great Apps,5,2026-07-17T08:30:23Z,Barclays,536248734,ios,gb,en,3.72.25,,False,2026-08-13T11:01:19.120287Z,https://apps.apple.com/gb/app/id536248734
c0da0d01ee9792822d3c47d829407135,I have found the Barclays banking app very useful especially when transferring finances.,Helpful,5,2026-07-17T08:08:20Z,Barclays,536248734,ios,gb,en,3.72.25,,False,2026-08-13T11:01:19.120287Z,https://apps.apple.com/gb/app/id536248734
dc500d5b311b9bade2a1d12f3bbbc845,Barclays is best for everything thanks Barclays,Mr Veli,5,2026-07-16T23:56:17Z,Barclays,536248734,ios,gb,en,3.72.25,,False,2026-08-13T11:01:19.120287Z,https://apps.apple.com/gb/app/id536248734
bd4cabf7825458263bc5d69b78c9fa4d,This is ridicules I sent money into this account from my company account laptops direct 2U so I could send it via debit card to my PayPal account and it won’t go through and I can’t use 3-5day bank transfers either why I own all the accounts i used txt auth and app auth and still Barclays won’t send my money to myself where I want it to go,Can’t send money to PayPal,1,2026-07-16T22:48:08Z,Barclays,536248734,ios,gb,en,3.72.25,,False,2026-08-13T11:01:19.120287Z,https://apps.apple.com/gb/app/id536248734
33cf0376205009b0c1eae09aa6bd619c,Always there online with back room access to check and ask for information,Requested Review,5,2026-07-16T20:05:41Z,Barclays,536248734,ios,gb,en,3.72.25,,False,2026-08-13T11:01:19.120287Z,https://apps.apple.com/gb/app/id536248734
9b65462ddc1eb671b549ff3ed02e7b3a,Good,Transaction,5,2026-07-16T19:50:54Z,Barclays,536248734,ios,gb,en,3.72.25,,False,2026-08-13T11:01:19.120287Z,https://apps.apple.com/gb/app/id536248734
c8bd12976201ebc828af9848a31972a5,"Fantastic , accurate and swift service from Barclays",Mr Abdullah Mousa,5,2026-07-16T19:44:12Z,Barclays,536248734,ios,gb,en,3.72.25,,False,2026-08-13T11:01:19.120287Z,https://apps.apple.com/gb/app/id536248734
aefff966447e00a42554cd0054ffe9d0,Good service thank you,Good service,5,2026-07-16T19:27:32Z,Barclays,536248734,ios,gb,en,3.72.25,,False,2026-08-13T11:01:19.120287Z,https://apps.apple.com/gb/app/id536248734
4e15563cd0be83ed8e9919b4b650eb63,"All good, like the security.",Feedback,4,2026-07-16T10:43:25Z,Barclays,536248734,ios,gb,en,3.72.25,,False,2026-08-13T11:01:19.120287Z,https://apps.apple.com/gb/app/id536248734
5c7344073223e3f7078b0f8395832268,I love Barclays Bank,Mrs,5,2026-07-16T10:34:10Z,Barclays,536248734,ios,gb,en,3.72.25,,False,2026-08-13T11:01:19.120287Z,https://apps.apple.com/gb/app/id536248734
8bbb79e4d89a39381e62d1f1a3bab563,Excellent service thank you.,RD,5,2026-07-16T10:24:08Z,Barclays,536248734,ios,gb,en,3.72.25,,False,2026-08-13T11:01:19.120287Z,https://apps.apple.com/gb/app/id536248734
c636d6d93186ec68d77971526ac8a8dc,"Find the app a gamechanger personally. The “chat” function really good too, very grateful to Barclays for all their support as a dyslexia adhder really struggle sometimes. You can tell them you have nuerodiversity too and they know how to support you ❤️‍🩹",Very neurodiverse friendly staff & app,5,2026-07-16T07:35:51Z,Barclays,536248734,ios,gb,en,3.72.25,,False,2026-08-13T11:01:19.120287Z,https://apps.apple.com/gb/app/id536248734
a6acbba9f6c9e176aabc49e80849ceab,"This app offers basic functionality and would be fine as a banking app (if unremarkable). However, for the past many years, I cannot get push notifications to work on my phone for more than a day without them being switched off, meaning I miss notifications and have to go back in to turn them on again. I have already gone in to turn them on this morning, and within the space of an hour they have gone off again. I am considering switching my daily banking to another bank, as every one of my other accounts has this basic functionality with no issues. I have had this issue over 3 different phones, and therefore various iOS updates. Right now my app is up to date as is my phone software. I am a premier banking customer but the inability to resolve this simple issue will force me elsewhere. It’s 2026 - I shouldn’t be dealing with this.",Unresolved bugs,2,2026-07-16T07:09:32Z,Barclays,536248734,ios,gb,en,3.72.25,,False,2026-08-13T11:01:19.120287Z,https://apps.apple.com/gb/app/id536248734
f833e8a438da990d6ecd31d56836549f,Barclays leads and others follow,Best bank and to use app,5,2026-07-15T21:38:40Z,Barclays,536248734,ios,gb,en,3.72.25,,False,2026-08-13T11:01:19.120287Z,https://apps.apple.com/gb/app/id536248734
ce8cfda83e1529a378617abf493af306,Very good!,Excellent,5,2026-07-15T20:44:40Z,Barclays,536248734,ios,gb,en,3.72.25,,False,2026-08-13T11:01:19.120287Z,https://apps.apple.com/gb/app/id536248734
55712679a18a9c81bc76712e45a338c1,"Since a recent update the app has struggled to log in and if it does it takes a long time. When In everything is very sluggish to the point where it fails to gain my account data. I tried messaging Barclays but as with so many companies, they think that a digital assistant works - it’s utter rubbish in practice",Much slower,2,2026-07-15T15:54:35Z,Barclays,536248734,ios,gb,en,3.72.25,,False,2026-08-13T11:01:19.120287Z,https://apps.apple.com/gb/app/id536248734
f0063f8a8c1cc959b7f63f6fb6b0046d,"Very clunky app, for example when you use chat you can’t see your wording or send the message as it’s obscured by the keyboard!",Pretty poor,1,2026-07-15T15:22:26Z,Barclays,536248734,ios,gb,en,3.72.25,,False,2026-08-13T11:01:19.120287Z,https://apps.apple.com/gb/app/id536248734
60f275566eecf1d6199f440e037237f0,I can’t read them right and I find the system so easy to use and I’m very grateful you’ve made it very simple and safe thank,My opinion about the system,5,2026-07-15T13:17:02Z,Barclays,536248734,ios,gb,en,3.72.25,,False,2026-08-13T11:01:19.120287Z,https://apps.apple.com/gb/app/id536248734
db2f8ed01af062ccea8e279440e9f123,Good,Good,5,2026-07-15T12:07:19Z,Barclays,536248734,ios,gb,en,3.72.25,,False,2026-08-13T11:01:19.120287Z,https://apps.apple.com/gb/app/id536248734
b820f2b414881c5bb4129bbcdbd0b801,"I use apps for three other banks, and this is by far the easiest to use with up to date functionality . It seems that other banks are not courageous enough to migrate to new software and so persist with the existing software with multiple adjustments. This makes them clunky and illogical to use",So much better than the other banks,5,2026-07-15T10:37:46Z,Barclays,536248734,ios,gb,en,3.72.25,,False,2026-08-13T11:01:19.120287Z,https://apps.apple.com/gb/app/id536248734
b0beec37a00fbd60c0efd4706d31d86d,Good,Good,5,2026-07-15T09:16:00Z,Barclays,536248734,ios,gb,en,3.72.25,,False,2026-08-13T11:01:19.120287Z,https://apps.apple.com/gb/app/id536248734
3d90682015e3613b73702d9c6d4fd982,I always trust Barclay with banking transactions. They have excellent standard of service and utmost safety measures for online transactions.,Excellent Banking,5,2026-07-15T07:18:35Z,Barclays,536248734,ios,gb,en,3.72.25,,False,2026-08-13T11:01:19.120287Z,https://apps.apple.com/gb/app/id536248734
adb76c6030383a2db3014917e0724c3a,Efficient and effective app,Effective,5,2026-07-15T06:47:00Z,Barclays,536248734,ios,gb,en,3.72.25,,False,2026-08-13T11:01:19.120287Z,https://apps.apple.com/gb/app/id536248734
eca14b212120babc79f4f562b9e27aa9,"I recently deleted the App and then reinstalled it because it is running so slow on my iPhone 15 pro max. However, this has made no difference. I also have notifications switched on but I am getting no notifications of movements on my account. I have rated the App as a two star. I have a banking app for another bank which works perfectly so the fault definitely seems to be with Barclays App!",Very Slow to log in,2,2026-07-14T20:30:01Z,Barclays,536248734,ios,gb,en,3.72.25,,False,2026-08-13T11:01:19.120287Z,https://apps.apple.com/gb/app/id536248734
ae57ca5185681ca80eb2537ac2871ac2,Best platform,Great platform,5,2026-07-14T18:47:17Z,Barclays,536248734,ios,gb,en,3.72.25,,False,2026-08-13T11:01:19.120287Z,https://apps.apple.com/gb/app/id536248734
5b8719c9b99ca57e8960809d98ca4536,Go back to the previous version. It is now overloaded and unhelpful. This is awful for neurodiverse people.,Awful update,1,2026-07-14T18:44:16Z,Barclays,536248734,ios,gb,en,3.72.25,,False,2026-08-13T11:01:19.120287Z,https://apps.apple.com/gb/app/id536248734
2fa88a4ced524c302f1888d20d8a93d8,Very good,Excellent customer service,5,2026-07-14T18:37:33Z,Barclays,536248734,ios,gb,en,3.72.25,,False,2026-08-13T11:01:19.120287Z,https://apps.apple.com/gb/app/id536248734
c62704faff3f722e396dfff074336cd2,Never had any trouble with this app or Barclays in general. Brilliant service.,The Best,5,2026-07-14T18:24:22Z,Barclays,536248734,ios,gb,en,3.72.25,,False,2026-08-13T11:01:19.120287Z,https://apps.apple.com/gb/app/id536248734
6e503f77580f117af57d2ae613e454ea,So easy to use,Great app,5,2026-07-14T17:54:59Z,Barclays,536248734,ios,gb,en,3.72.25,,False,2026-08-13T11:01:19.120287Z,https://apps.apple.com/gb/app/id536248734
fcd9d84f4fa6cbe77a78db2f594e305d,"I don’t understand why this app is rated high, it’s very clunky and slow to use, everything takes forever to load and often ends up with errors! Their customer service is also awful",Slow and bad customer service,1,2026-07-14T17:39:19Z,Barclays,536248734,ios,gb,en,3.72.25,,False,2026-08-13T11:01:19.120287Z,https://apps.apple.com/gb/app/id536248734
a98914fc1a551727cf1ce74a62f3399b,Brilliant service. Thanks.,Banking,5,2026-07-14T16:38:46Z,Barclays,536248734,ios,gb,en,3.72.25,,False,2026-08-13T11:01:19.120287Z,https://apps.apple.com/gb/app/id536248734
f3434d6e5bc4334af254853183152f8d,Locked out of account and now I have to go to a bank in person to get it unlocked.. !!,Rubbish,1,2026-07-14T16:18:06Z,Barclays,536248734,ios,gb,en,3.72.25,,False,2026-08-13T11:01:19.120287Z,https://apps.apple.com/gb/app/id536248734
c5434f9dc2b075dcd9cd9fbcf0862495,Easy on line access whereby you can do everything you need to,Easy to use,5,2026-07-14T16:09:56Z,Barclays,536248734,ios,gb,en,3.72.25,,False,2026-08-13T11:01:19.120287Z,https://apps.apple.com/gb/app/id536248734
668b13f68653fad7e870c5d1d07a4cc8,Good,Mrs,5,2026-07-14T15:53:45Z,Barclays,536248734,ios,gb,en,3.72.25,,False,2026-08-13T11:01:19.120287Z,https://apps.apple.com/gb/app/id536248734
47b082995a7865a552c8208f81900f4f,The best bank in UK,Saving,5,2026-07-14T14:51:36Z,Barclays,536248734,ios,gb,en,3.72.25,,False,2026-08-13T11:01:19.120287Z,https://apps.apple.com/gb/app/id536248734
6e9d6163da01d8c46a2263c05a3d4911,Since the last two updates the app is so slow and does not tell you if your transactions have been successful just says error then when you look it’s been done bring back the old version,Slow,1,2026-07-14T14:13:09Z,Barclays,536248734,ios,gb,en,3.72.25,,False,2026-08-13T11:01:19.120287Z,https://apps.apple.com/gb/app/id536248734
12e06696944932c9379ccd80874da4bf,‘Sorry something’s gone wrong’,Still error 0002,1,2026-07-14T10:13:36Z,Barclays,536248734,ios,gb,en,3.72.25,,False,2026-08-13T11:01:19.120287Z,https://apps.apple.com/gb/app/id536248734
85824c88c7da4cc0e764bccaa3db9b3c,"If you just need to do instant fixes....such as money transfers, payments etc it’s a great tool for instant access. However, if you need to work with direct debits or standing orders it’s not ideal and you need to visit the main website. I received a message to say these can be done on the App... but the App looks no different. Sometimes certain things are not available for use and can be frustrating but all in all is quick and easy for simple things",When it works...it works well,2,2026-07-14T09:22:14Z,Barclays,536248734,ios,gb,en,3.72.25,,False,2026-08-13T11:01:19.120287Z,https://apps.apple.com/gb/app/id536248734
ed50cedcc6b42f4a360d778988170621,Easy app,Good,5,2026-07-14T08:44:06Z,Barclays,536248734,ios,gb,en,3.72.25,,False,2026-08-13T11:01:19.120287Z,https://apps.apple.com/gb/app/id536248734
ec13944b722c9d79cc29413fc7df9c8b,A this bank helps me very well as I suffer from the fibromyalgia I cannot complain thank you.,Mrs McLean,5,2026-07-14T06:19:28Z,Barclays,536248734,ios,gb,en,3.72.25,,False,2026-08-13T11:01:19.120287Z,https://apps.apple.com/gb/app/id536248734
451d312f9e7957c552d2b970c09817a1,I do not like the new version,New set up,5,2026-07-14T05:16:04Z,Barclays,536248734,ios,gb,en,3.72.25,,False,2026-08-13T11:01:19.120287Z,https://apps.apple.com/gb/app/id536248734
6391baedd9c9090c168fc126e4078089,User friendly,Grateful,5,2026-07-13T23:58:35Z,Barclays,536248734,ios,gb,en,3.72.25,,False,2026-08-13T11:01:19.120287Z,https://apps.apple.com/gb/app/id536248734
29cf6fb8a816073aae86894951dbad15,Precise,Good,4,2026-07-13T21:21:59Z,Barclays,536248734,ios,gb,en,3.72.25,,False,2026-08-13T11:01:19.120287Z,https://apps.apple.com/gb/app/id536248734
1a2499a07e3810f81a3e2b10efddc68e,Barclays is nice and easy to use and low rate interest %,Good banking,5,2026-07-13T19:47:43Z,Barclays,536248734,ios,gb,en,3.72.25,,False,2026-08-13T11:01:19.120287Z,https://apps.apple.com/gb/app/id536248734
e075ba8db2233297f6022d15448a346d,Boycott Barclays,Supports Israel,1,2026-07-13T17:42:02Z,Barclays,536248734,ios,gb,en,3.72.25,,False,2026-08-13T11:01:19.120287Z,https://apps.apple.com/gb/app/id536248734
efe6cda1c336ae3107cc61f631461479,Why a pin sentry ! Yes mobile pin sentry but not an actual sentry. All I wanted to do was change my log on ! Not easy. Then the operator accused me of hearing loss which I don’t have. Disappointing.,Need a pin sentry to log on to the app after reinstalling,2,2026-07-13T16:31:22Z,Barclays,536248734,ios,gb,en,3.72.25,,False,2026-08-13T11:01:19.120287Z,https://apps.apple.com/gb/app/id536248734
5b0a224adf51bafd36024fd7cdc0c659,After being hospitalised with a stroke my new debit card and new PIN number weren’t utilised immediately. Barclays tried to tell me the the supermarket cash tills were to blame but my account was frozen. Eventually after a couple of attempts to sort it out one of their advisor s arranged to cancel the card and send me a new card and PIN number. I had access to card and number but was unable to access a Barclays Bank to draw cash as my nearest Barclays Bank cash machine was 20 miles away. I was also told that receipt of my new card could take 7 working days. I was unhappy with this as it would mean that I had been unable to pay for supermarket transfers or draw cash for nearly a month. The card arrived sooner after I complained. I have been a Barclays customer for approximately 20 years and felt badly let down by them on this occasion.,Debit card unauthorised,4,2026-07-13T15:29:32Z,Barclays,536248734,ios,gb,en,3.72.25,,False,2026-08-13T11:01:19.120287Z,https://apps.apple.com/gb/app/id536248734
f844a437fba52fc2ac94b9d61d028b2c,Great service and bank .,Fast,5,2026-07-13T14:07:14Z,Barclays,536248734,ios,gb,en,3.72.25,,False,2026-08-13T11:01:19.120287Z,https://apps.apple.com/gb/app/id536248734
93311c2eb683578cb38982e746246bbf,Please stop blocking my account because I’m moving money to another account in my name,Stop blocking my account,1,2026-07-13T13:35:55Z,Barclays,536248734,ios,gb,en,3.72.25,,False,2026-08-13T11:01:19.120287Z,https://apps.apple.com/gb/app/id536248734
dd8177c9088c3cfc904f699062551279,Easy to use app with message service which is really helpful when unable to call,Monique,5,2026-07-13T12:57:45Z,Barclays,536248734,ios,gb,en,3.72.25,,False,2026-08-13T11:01:19.120287Z,https://apps.apple.com/gb/app/id536248734
906aedf85393a9c4bddd67ee2eec3573,Very very good bank,My fav bank,5,2026-07-13T12:48:27Z,Barclays,536248734,ios,gb,en,3.72.25,,False,2026-08-13T11:01:19.120287Z,https://apps.apple.com/gb/app/id536248734
ef082d423184e3f9e1f7689a1026e24b,"When you look through past transactions, the app glitches and brings you back to the beginning. Also, before, you used to get the daily balance, now you only get total of transactions. That’s not useful!! We can add up!! We need the nightly balance developers. This app used to be good, it’s now a pile of garbage",Rubbish,1,2026-07-13T12:27:35Z,Barclays,536248734,ios,gb,en,3.72.25,,False,2026-08-13T11:01:19.120287Z,https://apps.apple.com/gb/app/id536248734
8e85fd6595e4a96af42a73a1d3791c95,"Last week I went into the Lewisham branch of Barclays ... and I had to go to a waiting room and while I was there, I was gluing Together a handmade book with Pictures I take of a day in the life of Turner and I had about 30 photographs laid out on the carpet ... obviously this is a bit unusual And a lady came over to me and she said oh this looks interesting ... her name was Lindsey and then we start having a conversation in general, and then another lady maybe Jenny came in to Talk of course they were interested in the pictures are taken but most importantly they were so friendly helpful and so chatty and I I thought this is exactly what human beings all require been able to have a nice conversation in a nice air conditioned space ... these two Barclays ladies really made my heart glow and everyone that came in they treated the same they both said they really enjoyed their job helping others, especially in this mixed community I was quite taken it back about what a nice environment this was... it made me think where can you go now and sit and have a nice conversation with a stranger All the department stores in Great Britain where you could wander around maybe sit in the café and talk to a stranger or maybe just talk to some of the people that work there that you get to know that worked on the perfume counter or another counter. These people became friends simply because you had nice conversations like I had in Barclays people used to go to the department store just to have a conversation catch up on gossip they used to be a Fabulous department store in Lewisham called Cheeseman’s however nearly all the department stores have now been closed down ... so random conversations in a nice environment like Barclays .. are pretty rare because there’s nowhere to go and that’s what was wonderful about Barclays ... even made me want to go back and just say hello to these delightful women who just want to be friendly and help others and make people feel better about themselves We were chatting away and they said do you think you could do a Google review? And I said, and then I thought I was so blessed to spend time with Tina Tina Turner, but I picked up a couple of prints and wrote in gold handwriting their names and how Fabulous and gave them these prints they said I will show our manager and I just thought that tiny bit Of Kindness it’s just what we need more of ... with so many banks closing down we are losing all those places for random conversations so thank you Barclays ... and if your AI is reading this, will you please get someone to thank those wonderful ladies in Barclays of Lewisham thank them all for being so Friendly and helpful, I’m sorry I’m not a really big customer, but I do enjoy using your app ... it has simplified my life I might go into Barclays today just to say hello Thanks Barclays Duncan raban",Fabulooooosssooo,5,2026-07-13T09:22:35Z,Barclays,536248734,ios,gb,en,3.72.21,,False,2026-08-13T11:01:19.120287Z,https://apps.apple.com/gb/app/id536248734
bd8ad208acf67914eeed445ff0d2d882,Terrible banking system,Barclays,1,2026-07-13T07:13:06Z,Barclays,536248734,ios,gb,en,3.72.21,,False,2026-08-13T11:01:19.120287Z,https://apps.apple.com/gb/app/id536248734
96edec60ded383845cc64fd42897d8a0,Amazing,Mrs E,5,2026-07-12T20:36:50Z,Barclays,536248734,ios,gb,en,3.72.21,,False,2026-08-13T11:01:19.120287Z,https://apps.apple.com/gb/app/id536248734
d6402cea9aa1f4957542efcf64e791a4,"Great, easy to use and keeps me informed",Banking app,5,2026-07-12T19:08:37Z,Barclays,536248734,ios,gb,en,3.72.21,,False,2026-08-13T11:01:19.120287Z,https://apps.apple.com/gb/app/id536248734
12cf5857d404331dd888f6722219f828,"Brilliant app , no need to worry about my account, a few seconds and I’m in the bank!! I can check my payments as I spend as they pop up on my phone, excellent",Life Changer,4,2026-07-12T17:51:10Z,Barclays,536248734,ios,gb,en,3.72.21,,False,2026-08-13T11:01:19.120287Z,https://apps.apple.com/gb/app/id536248734
9f8353410e61594fd9ffa91fcfedd857,Love the app works well as can not get to branch,App,5,2026-07-12T13:31:45Z,Barclays,536248734,ios,gb,en,3.72.21,,False,2026-08-13T11:01:19.120287Z,https://apps.apple.com/gb/app/id536248734
fdba99551a351f8bede6a6f4bcc4ddd2,The new card number details on all new payee details are really lengthening tome for all customers and really hindering in a busy word.,Further security checks,1,2026-07-12T11:38:41Z,Barclays,536248734,ios,gb,en,3.72.21,,False,2026-08-13T11:01:19.120287Z,https://apps.apple.com/gb/app/id536248734
d0c785ef730551a4b5ff3db7cd4f89e4,"One of the worst banking apps I use. The app feels clunky and poorly designed, often requiring several clicks through different menus just to find basic information or complete simple tasks. Managing payments is particularly frustrating. Barclays prevents copy and paste of account details, forcing manual entry and increasing the risk of mistakes. If you switch to another app such as 1Password or another banking app to retrieve those details, the Barclays app often dumps you back to the home screen and you lose your progress entirely. I assume these decisions were made in the name of security, but they feel heavy-handed and outdated. I’m already authenticated with biometrics on a trusted device, using apps that are themselves protected by biometrics. Other banks manage to provide strong security without this level of friction. Worse, these restrictions encourage less secure behaviour by pushing users to write details down or manually transcribe them between apps. Good security should make the right thing easy. Instead, the experience became frustrating enough that I eventually moved my banking elsewhere.",Needs work on UX,3,2026-07-12T11:12:28Z,Barclays,536248734,ios,gb,en,3.72.21,,False,2026-08-13T11:01:19.120287Z,https://apps.apple.com/gb/app/id536248734
be883b0adfe66afbb53b0cddd3920ad5,"Recently completed their switch offer, this is by far the worst bank I’ve used in my life. Outdated and useless app, customer support is non existent, cannot wait to switch and get away from them.",THE WORST,1,2026-07-12T08:44:43Z,Barclays,536248734,ios,gb,en,3.72.21,,False,2026-08-13T11:01:19.120287Z,https://apps.apple.com/gb/app/id536248734
5a1ca27146deb1381a9688b256789958,"Superb service , no pressure to pay back overdue fees 👍🏻👍🏻👍🏻❤️❤️❤️Barclays",Loyal customer for over 30 years,5,2026-07-12T08:10:25Z,Barclays,536248734,ios,gb,en,3.72.21,,False,2026-08-13T11:01:19.120287Z,https://apps.apple.com/gb/app/id536248734
ea2435be8dccedea7394e692817a80f1,Everting is lay out so clearly it self explanatory,Clear,5,2026-07-12T07:52:09Z,Barclays,536248734,ios,gb,en,3.72.21,,False,2026-08-13T11:01:19.120287Z,https://apps.apple.com/gb/app/id536248734
732cf1912fa0f7f9ac871a4141393130,App is constantly having issues I’m sick of it.,Constant issues,1,2026-07-12T07:48:05Z,Barclays,536248734,ios,gb,en,3.72.21,,False,2026-08-13T11:01:19.120287Z,https://apps.apple.com/gb/app/id536248734
8c16b59978bc7bc33660c49fdb9572b0,"All good, but Clacton Barclay closed I wasn’t happy face to face",Best Banking app,4,2026-07-11T23:08:44Z,Barclays,536248734,ios,gb,en,3.72.21,,False,2026-08-13T11:01:19.120287Z,https://apps.apple.com/gb/app/id536248734
fc39704d5fdf453a6a92e1a2054e0234,Amazing service as always and thank you hun,Mr Paul cairns,5,2026-07-11T23:06:56Z,Barclays,536248734,ios,gb,en,3.72.21,,False,2026-08-13T11:01:19.120287Z,https://apps.apple.com/gb/app/id536248734
930df65a51cea66580737e5bbce3feec,Good service!,Mr,5,2026-07-11T22:47:56Z,Barclays,536248734,ios,gb,en,3.72.21,,False,2026-08-13T11:01:19.120287Z,https://apps.apple.com/gb/app/id536248734
bdbd78e7edf58268875e3aa78a5a817a,"For the last few months the app opens very slowly and when it finally opens the account details take an awful long time to open as well. The App is updated, as well as my iPhone. Any advice for this issue will be greatly appreciated.",App opens slowly,2,2026-07-11T20:48:19Z,Barclays,536248734,ios,gb,en,3.72.21,,False,2026-08-13T11:01:19.120287Z,https://apps.apple.com/gb/app/id536248734
7e203eb407b0fc51add51e0eeb3840c7,"It’s a great app to use. Really easy to navigate. I can keep track of everything which is so good. Really like notifications as very useful. Easy to make payments and move money around. Love the fact it’s on my phone and I can check anything I want any time. Was a bit wobbly logging in this week not sure if it’s my internet but normally manage to log in fine. Just an update on 4.7.26, I gave 4 stars as it does still take time to log in, it keeps whirling round. I don’t have this issue with my other apps otherwise still great and easy to use.11.7.26update sorry 3 stars only because but it’s so slow navigating this app Will this be sorted out it’s been going on for months?",Barclays App,5,2026-07-11T12:29:58Z,Barclays,536248734,ios,gb,en,3.72.21,,False,2026-08-13T11:01:19.120287Z,https://apps.apple.com/gb/app/id536248734
4194cc1b491d27f160e4f2378bcc055e,"This is a 5 star app but since the recent update you can’t use the options at the bottom of the screen once you’ve made a transaction or used any feature as they become blocked out and you have to exit the app and reload to allow full functionality again which was seamless previously and pure fluidity prior to update and takes care of all your banking needs at a fingertip. FIX IT to how it used to be and I’ll rate it a 5 as this app deserves that but you need to fix this bug immediately, thanks",Recent Update bugs,1,2026-07-11T11:00:09Z,Barclays,536248734,ios,gb,en,3.72.21,,False,2026-08-13T11:01:19.120287Z,https://apps.apple.com/gb/app/id536248734
d326f4aba5e27ba3d0f531a518c64380,"The systems and the apps are working extremely well, no drag or freeze. Continue with the good work. Thank you",Operational Excellence,5,2026-07-11T09:08:36Z,Barclays,536248734,ios,gb,en,3.72.21,,False,2026-08-13T11:01:19.120287Z,https://apps.apple.com/gb/app/id536248734
95236d95efc692828b6c38c7efba2d2f,Great to have a bank on your phone. A pleasure to use.,Clear and Straightforward,5,2026-07-11T07:45:00Z,Barclays,536248734,ios,gb,en,3.72.21,,False,2026-08-13T11:01:19.120287Z,https://apps.apple.com/gb/app/id536248734
9f092f8ddddf3a8e463aea3ae02d5d83,Simple to use with enough security to make it reliable,Safe and secure,5,2026-07-11T07:43:38Z,Barclays,536248734,ios,gb,en,3.72.21,,False,2026-08-13T11:01:19.120287Z,https://apps.apple.com/gb/app/id536248734
43dc8e21148ea2142331c78924059429,I’ve never had such an easy life with any other bank like I have with Barclays. Top Top Top.,Top!,5,2026-07-11T06:37:16Z,Barclays,536248734,ios,gb,en,3.72.21,,False,2026-08-13T11:01:19.120287Z,https://apps.apple.com/gb/app/id536248734
71e9f0e2880034197fc053928b621959,This app has always done what I need it to do. Very easy to use and the updates are always worthwhile.,Simple & Convenient,5,2026-07-10T21:34:21Z,Barclays,536248734,ios,gb,en,3.72.21,,False,2026-08-13T11:01:19.120287Z,https://apps.apple.com/gb/app/id536248734
ec4ebd6250a42d27469c9207f03bd835,I really enjoyed this apps as it’s very helpful and useful.,Mrs Ramkhelawon,5,2026-07-10T20:50:43Z,Barclays,536248734,ios,gb,en,3.72.21,,False,2026-08-13T11:01:19.120287Z,https://apps.apple.com/gb/app/id536248734
6bbc44dd1d4a1305c1b207ca7314d5b1,Weak update,Latest update,1,2026-07-10T19:58:58Z,Barclays,536248734,ios,gb,en,3.72.21,,False,2026-08-13T11:01:19.120287Z,https://apps.apple.com/gb/app/id536248734
a368c8ca9c3a8ca2463a52c82b4ee058,Would be lost without my Barclays Mobile Banking App - probably the most used app on my phone besides email and text. Its safe and secure and very easy to use.,My Best Friend,5,2026-07-10T15:26:38Z,Barclays,536248734,ios,gb,en,3.72.21,,False,2026-08-13T11:01:19.120287Z,https://apps.apple.com/gb/app/id536248734
c3b434d5f9f1a6e4cb1a66e2693803b5,Cool and quick,Money talks,3,2026-07-10T15:19:58Z,Barclays,536248734,ios,gb,en,3.72.21,,False,2026-08-13T11:01:19.120287Z,https://apps.apple.com/gb/app/id536248734
4404f7d363f73e05337c69a305203d04,"I know some people can be very weary of using Internet Banking, but I have always had great confidence in using it & have found it easy to use.",Easy to use,5,2026-07-10T15:03:53Z,Barclays,536248734,ios,gb,en,3.72.21,,False,2026-08-13T11:01:19.120287Z,https://apps.apple.com/gb/app/id536248734
51c1ea9c0141c1f5567cbc0e928aaae1,So easy to use,Brilliant,5,2026-07-10T12:39:14Z,Barclays,536248734,ios,gb,en,3.72.21,,False,2026-08-13T11:01:19.120287Z,https://apps.apple.com/gb/app/id536248734
106934d109a28f1e70591ed4d79500dd,Makes payment very quick!!,Easy,5,2026-07-10T11:26:49Z,Barclays,536248734,ios,gb,en,3.72.21,,False,2026-08-13T11:01:19.120287Z,https://apps.apple.com/gb/app/id536248734
41a317cbefbc8add57345564cceb38c4,Love the Barclays App very simple to use at 64 nearly I manage it very well would highly recommend,Me Lynn,5,2026-07-10T11:11:45Z,Barclays,536248734,ios,gb,en,3.72.21,,False,2026-08-13T11:01:19.120287Z,https://apps.apple.com/gb/app/id536248734
051aba96334ad0e335ae7d4ad172fc1d,Best bank app,Me,5,2026-07-10T10:22:17Z,Barclays,536248734,ios,gb,en,3.72.21,,False,2026-08-13T11:01:19.120287Z,https://apps.apple.com/gb/app/id536248734
730fb7a6922815916da36c9734e53daa,So easy to keep up to date with my money in real time.,Keeping an eye on my money,5,2026-07-10T10:21:47Z,Barclays,536248734,ios,gb,en,3.72.21,,False,2026-08-13T11:01:19.120287Z,https://apps.apple.com/gb/app/id536248734
f70150eb996dafa6c07fc1e9eddcd997,This App allows me to do all my banking needs from the comfort of my sofa!,Great app,5,2026-07-10T09:13:11Z,Barclays,536248734,ios,gb,en,3.72.21,,False,2026-08-13T11:01:19.120287Z,https://apps.apple.com/gb/app/id536248734
67c0c3acfd1cd924d8ed6d891090bf01,Cannot see Barclaycard and your on line chat is not working,Card access,1,2026-07-10T07:07:56Z,Barclays,536248734,ios,gb,en,3.72.21,,False,2026-08-13T11:01:19.120287Z,https://apps.apple.com/gb/app/id536248734
ddde4091b8e0d9bdc95d76acaa21c3e0,Could you make the time a bit longer or we can make it longer ourselves when we are on our accounts,Open,5,2026-07-10T07:02:33Z,Barclays,536248734,ios,gb,en,3.72.21,,False,2026-08-13T11:01:19.120287Z,https://apps.apple.com/gb/app/id536248734
8d0318a4df625161197b8dcea59666fe,Banco del mundo,El mejor,5,2026-07-10T06:55:55Z,Barclays,536248734,ios,gb,en,3.72.21,,False,2026-08-13T11:01:19.120287Z,https://apps.apple.com/gb/app/id536248734
b74e2700aad1dc511d3fe88c86b04daf,⭐️⭐️⭐️⭐️⭐️,Awesome,5,2026-07-09T23:18:32Z,Barclays,536248734,ios,gb,en,3.72.21,,False,2026-08-13T11:01:19.120287Z,https://apps.apple.com/gb/app/id536248734
c85f12b4f7f22b5ef0ac9a62db7d84cb,Very easy to navigate on the app,Easy app,5,2026-07-09T18:26:11Z,Barclays,536248734,ios,gb,en,3.72.21,,False,2026-08-13T11:01:19.120287Z,https://apps.apple.com/gb/app/id536248734
80b7b3a14db13bb3c49c8cef1cf8262f,You guys are so stressful. Why are you blocking my account everytime I need to take money out?,Stressful bank,1,2026-07-09T16:04:56Z,Barclays,536248734,ios,gb,en,3.72.21,,False,2026-08-13T11:01:19.120287Z,https://apps.apple.com/gb/app/id536248734
6eb385e3fb7c508c3d96d7e79f76a919,This app so handy for me being disabled 💯 helps thank you,App,5,2026-07-09T14:14:22Z,Barclays,536248734,ios,gb,en,3.72.21,,False,2026-08-13T11:01:19.120287Z,https://apps.apple.com/gb/app/id536248734
6b1c626ea184e35fd210338bb0a55722,I was trying to pay my partner some money I owed her. I was blocked by a Fraud message which was extremely frustrating. It was only solved by me using another mobile phone.,Couldn’t pay someone I know - blocked by “Fraud” message.,3,2026-07-09T12:39:42Z,Barclays,536248734,ios,gb,en,3.72.21,,False,2026-08-13T11:01:19.120287Z,https://apps.apple.com/gb/app/id536248734
b9901d10c0e93ad4c73da20bfa635aa6,"The network is always fast, using the app is easy and no hassle",Excellent,5,2026-07-09T12:35:19Z,Barclays,536248734,ios,gb,en,3.72.21,,False,2026-08-13T11:01:19.120287Z,https://apps.apple.com/gb/app/id536248734
fd0254201af562d0095edf510bce8786,"Fantastic app, saves time",Very easy to use,5,2026-07-09T11:54:34Z,Barclays,536248734,ios,gb,en,3.72.21,,False,2026-08-13T11:01:19.120287Z,https://apps.apple.com/gb/app/id536248734
f3fa3044d9c47f364b51eb6d8e090e77,Love it - secure and easy to use with loads of offerings,All in one place,5,2026-07-09T10:39:28Z,Barclays,536248734,ios,gb,en,3.72.21,,False,2026-08-13T11:01:19.120287Z,https://apps.apple.com/gb/app/id536248734
